customer_id,customer_type,industry,region,registration_date,annual_revenue,customer_status,recency,frequency,monetary_value,interaction_count,avg_satisfaction,avg_resolution_time,complaints,customer_lifetime_value
C0001,B2B,Healthcare,East,2024-08-02,129997.01,Active,69.0,4.0,35531.86,1.0,2.0,33.4,0.0,35531.86
C0002,B2B,Technology,North,2025-02-17,299341.33,Active,97.0,1.0,5639.99,3.0,3.3333333333333335,36.03333333333334,0.0,5639.99
C0003,B2B,Manufacturing,South,2021-03-03,257624.09,Active,301.0,7.0,57454.740000000005,1.0,4.0,67.9,1.0,57454.740000000005
C0004,B2B,Technology,West,2024-02-24,118015.9,Active,468.0,4.0,24309.15,2.0,3.0,43.599999999999994,1.0,24309.15
C0005,B2B,Manufacturing,West,2025-07-16,176722.75,Active,153.0,7.0,38700.41,6.0,3.5,16.349999999999998,3.0,38700.41
C0006,B2C,Healthcare,North,2022-03-17,196164.38,Active,151.0,4.0,12608.5,2.0,4.0,56.55,0.0,12608.5
C0007,B2C,Technology,East,2025-10-02,405492.85,Inactive,441.0,8.0,60513.74,3.0,2.0,52.800000000000004,0.0,60513.74
C0008,B2B,Finance,North,2024-01-04,280499.91,Active,168.0,8.0,52661.020000000004,2.0,3.5,51.3,0.0,52661.020000000004
C0009,B2B,Healthcare,North,2024-03-28,334019.03,Active,563.0,2.0,7238.23,2.0,2.5,14.05,1.0,7238.23
C0010,B2B,Healthcare,West,2021-06-13,146207.07,Active,92.0,5.0,30618.12,3.0,3.0,26.566666666666666,1.0,30618.12
C0011,B2C,Retail,South,2021-11-30,338385.84,Active,52.0,5.0,44124.41,0.0,0.0,0.0,0.0,44124.41
C0012,B2B,Technology,South,2024-06-01,90067.22,Inactive,130.0,5.0,47473.24,4.0,3.25,30.45,1.0,47473.24
C0013,B2B,Retail,North,2022-07-07,122233.56,Active,554.0,4.0,17862.3,3.0,3.0,23.933333333333334,0.0,17862.3
C0014,B2C,Finance,East,2025-07-07,42432.42,Active,565.0,2.0,9982.68,2.0,3.0,29.3,0.0,9982.68
C0015,B2C,Finance,West,2022-03-12,80007.08,Active,14.0,5.0,34957.33,1.0,1.0,55.4,0.0,34957.33
C0016,B2C,Technology,West,2022-05-21,449933.21,Inactive,15.0,5.0,37059.15,6.0,3.6666666666666665,20.866666666666667,1.0,37059.15
C0017,B2B,Manufacturing,West,2023-01-12,54545.61,Active,183.0,4.0,12756.070000000002,2.0,4.5,28.65,0.0,12756.070000000002
C0018,B2B,Manufacturing,South,2025-10-30,398118.89,Inactive,37.0,6.0,31999.31,2.0,3.0,39.15,1.0,31999.31
C0019,B2B,Finance,West,2024-05-06,301985.33,Inactive,170.0,3.0,23826.11,2.0,3.0,15.8,0.0,23826.11
C0020,B2C,Technology,North,2023-12-20,343338.87,Active,165.0,3.0,16994.620000000003,0.0,0.0,0.0,0.0,16994.620000000003
C0021,B2C,Retail,North,2024-10-28,153815.06,Active,351.0,2.0,14761.46,2.0,4.0,47.8,1.0,14761.46
C0022,B2B,Retail,South,2023-07-19,258764.02,Active,109.0,4.0,20168.16,6.0,3.3333333333333335,32.483333333333334,2.0,20168.16
C0023,B2C,Technology,South,2025-11-18,84891.24,Active,253.0,2.0,14686.94,0.0,0.0,0.0,0.0,14686.94
C0024,B2B,Technology,East,2024-01-10,249416.8,Active,196.0,5.0,47227.31,4.0,4.0,47.525,2.0,47227.31
C0025,B2C,Manufacturing,North,2023-01-14,128027.08,Active,31.0,8.0,52809.94,4.0,2.75,33.575,2.0,52809.94
C0026,B2C,Healthcare,South,2021-06-25,72911.82,Inactive,65.0,6.0,52771.04,5.0,3.0,39.94,0.0,52771.04
C0027,B2B,Retail,West,2024-01-31,482537.82,Active,18.0,6.0,49970.85,4.0,3.25,37.9,0.0,49970.85
C0028,B2C,Finance,East,2024-12-31,224669.04,Inactive,363.0,2.0,20380.38,5.0,2.8,32.5,0.0,20380.38
C0029,B2B,Manufacturing,North,2021-09-05,175661.93,Active,143.0,7.0,61767.26,2.0,2.0,33.75,0.0,61767.26
C0030,B2B,Healthcare,North,2024-04-20,356842.06,Active,35.0,3.0,19086.760000000002,4.0,4.25,32.05,1.0,19086.760000000002
C0031,B2B,Healthcare,East,2022-04-14,44720.1,Active,4.0,5.0,25480.59,3.0,3.3333333333333335,31.900000000000002,0.0,25480.59
C0032,B2C,Manufacturing,South,2022-07-25,364442.76,Inactive,206.0,6.0,25320.47,3.0,2.3333333333333335,25.166666666666668,1.0,25320.47
C0033,B2C,Finance,South,2022-05-13,56219.64,Inactive,876.0,1.0,4893.63,3.0,2.6666666666666665,17.3,2.0,4893.63
C0034,B2C,Finance,West,2022-12-27,433280.01,Active,107.0,6.0,44877.2,4.0,2.75,40.6,0.0,44877.2
C0035,B2B,Healthcare,West,2024-10-11,366824.66,Active,224.0,1.0,7227.85,5.0,2.0,36.8,2.0,7227.85
C0036,B2B,Manufacturing,West,2022-05-25,78689.33,Active,60.0,3.0,17561.34,0.0,0.0,0.0,0.0,17561.34
C0037,B2C,Manufacturing,North,2022-07-25,227134.07,Active,0.0,0.0,0.0,2.0,1.5,44.95,0.0,0.0
C0038,B2B,Healthcare,South,2021-04-14,91492.44,Inactive,1.0,9.0,57571.29,2.0,1.5,19.85,0.0,57571.29
C0039,B2B,Finance,North,2023-09-13,90672.19,Active,40.0,3.0,15764.41,5.0,3.2,18.86,4.0,15764.41
C0040,B2C,Finance,East,2023-03-11,217273.67,Inactive,19.0,5.0,27501.79,1.0,3.0,31.2,1.0,27501.79
C0041,B2B,Retail,South,2021-11-14,484667.59,Active,230.0,4.0,23097.32,3.0,3.6666666666666665,45.23333333333333,0.0,23097.32
C0042,B2C,Healthcare,North,2025-03-12,296247.02,Active,221.0,3.0,20022.190000000002,8.0,3.0,37.575,3.0,20022.190000000002
C0043,B2B,Manufacturing,North,2021-04-27,301567.2,Active,232.0,5.0,55180.71000000001,8.0,3.0,22.6875,1.0,55180.71000000001
C0044,B2B,Technology,South,2023-04-07,293670.34,Active,264.0,4.0,29957.85,4.0,3.25,33.425,3.0,29957.85
C0045,B2B,Finance,East,2024-06-22,468006.07,Active,205.0,5.0,34922.76,2.0,1.0,52.5,0.0,34922.76
C0046,B2C,Manufacturing,East,2024-10-03,203935.06,Active,100.0,6.0,37571.45,1.0,3.0,28.5,0.0,37571.45
C0047,B2C,Healthcare,North,2023-07-26,234559.91,Active,65.0,5.0,26600.66,1.0,5.0,28.9,0.0,26600.66
C0048,B2B,Technology,East,2021-05-31,74903.72,Active,0.0,0.0,0.0,2.0,3.0,53.35,1.0,0.0
C0049,B2B,Retail,East,2021-05-21,87295.95,Active,38.0,5.0,34081.32,1.0,5.0,47.1,0.0,34081.32
C0050,B2B,Technology,East,2024-06-06,466560.46,Active,0.0,0.0,0.0,3.0,2.6666666666666665,50.199999999999996,1.0,0.0
C0051,B2B,Retail,North,2025-12-04,445959.23,Active,54.0,4.0,32118.05,3.0,4.333333333333333,31.8,0.0,32118.05
C0052,B2C,Technology,South,2022-07-12,361629.97,Active,473.0,3.0,25934.41,3.0,3.0,36.56666666666667,3.0,25934.41
C0053,B2C,Technology,West,2024-11-08,133049.41,Active,136.0,4.0,28309.42,4.0,1.75,31.375,2.0,28309.42
C0054,B2C,Retail,North,2021-07-09,11737.39,Active,200.0,7.0,57659.26,2.0,2.5,64.15,0.0,57659.26
C0055,B2C,Manufacturing,West,2024-07-28,280323.41,Inactive,235.0,7.0,34538.73,2.0,2.5,20.9,1.0,34538.73
C0056,B2B,Healthcare,North,2024-02-23,473074.96,Active,59.0,5.0,38952.840000000004,4.0,2.75,40.824999999999996,2.0,38952.840000000004
C0057,B2B,Retail,South,2024-01-23,220595.49,Active,40.0,4.0,36251.96,1.0,5.0,33.6,0.0,36251.96
C0058,B2C,Healthcare,East,2022-09-24,112937.5,Active,38.0,4.0,9900.029999999999,4.0,2.5,30.275,1.0,9900.029999999999
C0059,B2B,Retail,West,2024-09-27,487180.14,Active,132.0,5.0,51109.490000000005,3.0,4.333333333333333,28.900000000000002,1.0,51109.490000000005
C0060,B2B,Manufacturing,West,2022-04-30,22145.32,Active,421.0,1.0,8046.54,4.0,3.75,18.5,2.0,8046.54
C0061,B2C,Manufacturing,East,2025-05-22,88006.94,Active,239.0,6.0,29743.67,8.0,2.75,39.4,0.0,29743.67
C0062,B2B,Finance,South,2023-02-23,107790.69,Inactive,424.0,2.0,22694.04,5.0,3.8,56.739999999999995,0.0,22694.04
C0063,B2C,Manufacturing,South,2022-12-18,21595.57,Active,167.0,3.0,16474.2,4.0,3.5,41.5,0.0,16474.2
C0064,B2C,Retail,North,2023-03-28,483775.66,Active,483.0,3.0,23772.46,1.0,5.0,43.1,0.0,23772.46
C0065,B2C,Technology,East,2022-12-21,470226.2,Active,23.0,8.0,49276.45,3.0,4.0,41.53333333333333,0.0,49276.45
C0066,B2C,Manufacturing,East,2025-12-02,28746.03,Inactive,234.0,6.0,39837.91,3.0,3.0,34.6,1.0,39837.91
C0067,B2C,Finance,North,2022-12-09,198745.76,Active,150.0,4.0,48892.009999999995,5.0,3.2,44.9,2.0,48892.009999999995
C0068,B2B,Finance,North,2022-06-06,264760.97,Active,264.0,5.0,38514.380000000005,1.0,2.0,4.4,0.0,38514.380000000005
C0069,B2C,Healthcare,East,2023-01-16,315346.15,Active,66.0,7.0,33593.6,4.0,1.75,28.325,1.0,33593.6
C0070,B2C,Technology,East,2025-01-14,336777.52,Active,98.0,5.0,21862.78,1.0,1.0,18.7,0.0,21862.78
C0071,B2C,Technology,South,2023-04-05,104001.65,Inactive,277.0,6.0,45754.31,2.0,3.5,32.5,0.0,45754.31
C0072,B2B,Technology,East,2024-10-19,208976.83,Active,136.0,2.0,6579.15,0.0,0.0,0.0,0.0,6579.15
C0073,B2C,Manufacturing,West,2022-09-15,395021.83,Active,706.0,1.0,17200.19,4.0,4.25,48.95,2.0,17200.19
C0074,B2C,Finance,South,2023-08-11,260475.26,Active,186.0,5.0,51592.81,3.0,3.0,31.7,1.0,51592.81
C0075,B2B,Retail,East,2024-09-11,55759.73,Active,24.0,5.0,58029.91,6.0,3.3333333333333335,39.083333333333336,1.0,58029.91
C0076,B2C,Manufacturing,South,2024-10-09,82203.44,Active,0.0,0.0,0.0,2.0,4.0,36.1,1.0,0.0
C0077,B2C,Technology,North,2022-05-17,233153.92,Active,894.0,1.0,4197.12,3.0,3.3333333333333335,45.699999999999996,1.0,4197.12
C0078,B2C,Finance,West,2025-01-11,129552.38,Active,28.0,2.0,14260.08,2.0,2.5,10.4,0.0,14260.08
C0079,B2B,Finance,South,2025-03-18,96184.47,Inactive,14.0,3.0,20636.02,2.0,2.5,37.25,1.0,20636.02
C0080,B2B,Healthcare,West,2021-04-13,75336.16,Inactive,65.0,2.0,7626.6,2.0,3.5,21.2,0.0,7626.6
C0081,B2C,Finance,West,2024-09-29,416978.89,Inactive,158.0,6.0,46944.51,2.0,3.5,30.9,0.0,46944.51
C0082,B2C,Finance,East,2021-11-22,378370.63,Active,513.0,4.0,16934.79,2.0,1.5,7.55,0.0,16934.79
C0083,B2C,Manufacturing,East,2025-04-18,225537.57,Active,199.0,2.0,17038.48,4.0,3.0,37.5,0.0,17038.48
C0084,B2C,Retail,East,2022-04-26,447583.15,Active,52.0,3.0,14512.68,0.0,0.0,0.0,0.0,14512.68
C0085,B2B,Manufacturing,West,2021-10-11,350035.41,Active,107.0,3.0,26545.739999999998,1.0,2.0,55.9,0.0,26545.739999999998
C0086,B2C,Finance,East,2021-05-12,275879.46,Inactive,592.0,4.0,35585.22,5.0,3.2,23.34,2.0,35585.22
C0087,B2B,Finance,West,2021-05-08,453370.85,Active,559.0,3.0,22802.620000000003,1.0,4.0,69.8,1.0,22802.620000000003
C0088,B2C,Finance,North,2025-10-21,471943.41,Active,27.0,3.0,31887.73,5.0,3.4,49.040000000000006,2.0,31887.73
C0089,B2C,Finance,South,2025-03-24,249232.44,Active,340.0,4.0,41872.11,2.0,2.5,49.65,1.0,41872.11
C0090,B2C,Healthcare,West,2023-06-12,174703.48,Inactive,176.0,3.0,11909.19,4.0,2.0,23.95,0.0,11909.19
C0091,B2B,Finance,South,2025-01-23,490553.77,Active,42.0,6.0,43238.42,2.0,2.0,59.25,2.0,43238.42
C0092,B2B,Healthcare,West,2023-03-18,76492.75,Inactive,1.0,4.0,18361.2,3.0,1.3333333333333333,43.06666666666666,1.0,18361.2
C0093,B2B,Retail,West,2022-01-08,170402.81,Inactive,16.0,6.0,37188.93,6.0,3.1666666666666665,34.733333333333334,3.0,37188.93
C0094,B2C,Finance,East,2022-11-01,378484.81,Inactive,590.0,3.0,23060.99,4.0,3.25,27.625,1.0,23060.99
C0095,B2B,Finance,North,2022-06-01,377021.89,Active,110.0,1.0,3648.41,6.0,4.0,33.61666666666667,1.0,3648.41
C0096,B2B,Healthcare,North,2022-12-18,379574.27,Active,279.0,5.0,36350.19,2.0,3.0,53.349999999999994,0.0,36350.19
C0097,B2B,Technology,South,2022-02-13,126887.02,Inactive,70.0,3.0,22118.81,0.0,0.0,0.0,0.0,22118.81
C0098,B2B,Technology,South,2024-10-03,237866.65,Active,353.0,1.0,3842.38,2.0,2.0,40.3,0.0,3842.38
C0099,B2C,Manufacturing,North,2025-04-20,391118.02,Active,14.0,8.0,65164.509999999995,6.0,2.6666666666666665,33.733333333333334,1.0,65164.509999999995
C0100,B2B,Technology,North,2022-09-30,465154.71,Inactive,160.0,6.0,47329.91,1.0,1.0,70.1,0.0,47329.91
C0101,B2B,Healthcare,South,2023-03-24,59931.64,Active,80.0,2.0,23244.53,3.0,2.6666666666666665,39.56666666666667,0.0,23244.53
C0102,B2B,Technology,North,2025-10-08,180129.85,Inactive,633.0,3.0,16570.34,5.0,3.0,35.6,1.0,16570.34
C0103,B2C,Healthcare,East,2024-09-16,16199.55,Inactive,7.0,11.0,97077.8,4.0,3.0,36.9,0.0,97077.8
C0104,B2C,Healthcare,West,2025-08-12,480785.91,Inactive,499.0,3.0,15351.85,2.0,5.0,39.75,1.0,15351.85
C0105,B2B,Finance,South,2024-12-19,369559.7,Active,606.0,2.0,13369.93,1.0,1.0,47.5,0.0,13369.93
C0106,B2C,Finance,West,2024-06-15,414609.95,Active,17.0,9.0,60866.12,3.0,2.3333333333333335,38.1,1.0,60866.12
C0107,B2B,Healthcare,East,2022-10-23,441999.28,Active,451.0,3.0,18568.66,4.0,3.75,16.175,0.0,18568.66
C0108,B2C,Technology,West,2025-03-17,174834.34,Inactive,137.0,2.0,10272.48,5.0,3.4,54.98,2.0,10272.48
C0109,B2C,Manufacturing,West,2025-10-09,113938.73,Active,312.0,4.0,25608.35,3.0,4.333333333333333,46.300000000000004,0.0,25608.35
C0110,B2C,Technology,East,2022-11-29,282337.6,Active,267.0,7.0,66853.41,4.0,3.5,39.825,0.0,66853.41
C0111,B2B,Finance,West,2021-06-25,282036.34,Active,361.0,3.0,17331.239999999998,3.0,2.3333333333333335,14.866666666666667,1.0,17331.239999999998
C0112,B2C,Finance,West,2024-11-15,398537.11,Active,137.0,3.0,14584.93,6.0,3.0,28.53333333333333,2.0,14584.93
C0113,B2B,Finance,South,2022-08-26,160040.95,Active,154.0,5.0,17500.2,5.0,4.4,45.32,2.0,17500.2
C0114,B2C,Finance,East,2023-08-28,182387.16,Inactive,485.0,3.0,27495.26,4.0,3.0,39.125,1.0,27495.26
C0115,B2C,Retail,South,2022-07-09,69121.38,Active,271.0,2.0,9740.01,4.0,4.5,30.75,0.0,9740.01
C0116,B2B,Technology,South,2022-10-09,103855.08,Inactive,225.0,4.0,33385.37,4.0,3.75,48.275,0.0,33385.37
C0117,B2C,Healthcare,South,2022-07-21,155160.77,Active,113.0,3.0,16756.37,4.0,3.75,31.375,1.0,16756.37
C0118,B2C,Healthcare,South,2022-01-03,144412.55,Active,108.0,2.0,8879.68,2.0,3.5,33.65,0.0,8879.68
C0119,B2C,Manufacturing,West,2024-02-08,60267.95,Active,558.0,2.0,8658.89,5.0,2.0,47.7,1.0,8658.89
C0120,B2C,Finance,West,2024-03-21,225829.71,Active,0.0,0.0,0.0,2.0,3.5,26.450000000000003,1.0,0.0
C0121,B2C,Finance,North,2021-04-16,412836.67,Inactive,24.0,5.0,28548.62,7.0,3.4285714285714284,36.05714285714286,1.0,28548.62
C0122,B2B,Technology,North,2023-10-05,84346.23,Active,508.0,1.0,11392.69,2.0,5.0,18.25,0.0,11392.69
C0123,B2B,Healthcare,West,2021-06-24,307095.65,Active,165.0,4.0,25772.0,1.0,4.0,58.8,1.0,25772.0
C0124,B2C,Finance,West,2025-05-08,155703.03,Inactive,59.0,7.0,49005.81,3.0,4.0,40.833333333333336,1.0,49005.81
C0125,B2B,Technology,North,2022-09-18,474319.2,Active,13.0,4.0,26528.75,5.0,2.8,40.04,2.0,26528.75
C0126,B2B,Retail,North,2024-07-05,86957.98,Active,218.0,3.0,15570.43,4.0,2.5,30.325000000000003,2.0,15570.43
C0127,B2B,Manufacturing,North,2024-02-05,210173.61,Inactive,405.0,3.0,11034.380000000001,4.0,3.75,53.45,1.0,11034.380000000001
C0128,B2B,Manufacturing,East,2022-08-20,356408.36,Inactive,12.0,4.0,27014.52,4.0,2.75,43.6,1.0,27014.52
C0129,B2B,Retail,South,2021-05-26,218318.09,Active,187.0,2.0,14532.36,4.0,3.75,37.725,0.0,14532.36
C0130,B2B,Retail,South,2024-08-19,44990.82,Active,310.0,3.0,33462.94,4.0,4.0,44.849999999999994,1.0,33462.94
C0131,B2C,Technology,East,2025-06-12,225185.19,Inactive,61.0,8.0,59004.509999999995,4.0,3.25,38.875,2.0,59004.509999999995
C0132,B2C,Finance,East,2024-11-11,255231.37,Inactive,230.0,8.0,43393.68,1.0,1.0,24.2,0.0,43393.68
C0133,B2B,Technology,North,2023-06-16,445817.22,Active,255.0,4.0,25579.72,8.0,3.25,18.7375,2.0,25579.72
C0134,B2C,Healthcare,North,2024-05-21,122172.96,Active,139.0,5.0,19100.9,3.0,2.6666666666666665,53.46666666666667,1.0,19100.9
C0135,B2C,Technology,North,2025-04-16,383923.41,Active,159.0,2.0,8068.6,5.0,3.0,45.92,2.0,8068.6
C0136,B2C,Retail,South,2023-08-22,498503.28,Inactive,152.0,8.0,61181.31,3.0,4.333333333333333,33.266666666666666,0.0,61181.31
C0137,B2C,Healthcare,West,2024-07-24,180500.92,Active,209.0,3.0,24070.98,2.0,2.0,55.75,0.0,24070.98
C0138,B2B,Manufacturing,East,2022-10-20,211706.09,Inactive,224.0,3.0,16007.31,1.0,1.0,63.5,0.0,16007.31
C0139,B2C,Technology,North,2022-08-14,232864.7,Active,285.0,5.0,42885.759999999995,1.0,3.0,51.6,0.0,42885.759999999995
C0140,B2C,Healthcare,West,2022-06-01,433806.19,Active,175.0,5.0,35005.61,1.0,3.0,21.2,0.0,35005.61
C0141,B2C,Finance,North,2024-09-08,101915.45,Active,3.0,4.0,32265.75,4.0,3.5,40.375,2.0,32265.75
C0142,B2C,Finance,North,2024-06-29,109743.54,Active,129.0,4.0,21430.0,3.0,1.6666666666666667,24.933333333333334,0.0,21430.0
C0143,B2C,Finance,North,2022-08-13,24146.03,Active,134.0,1.0,17715.49,3.0,1.6666666666666667,20.333333333333332,0.0,17715.49
C0144,B2B,Retail,North,2024-12-24,280603.19,Active,109.0,6.0,40756.14,3.0,2.3333333333333335,35.666666666666664,0.0,40756.14
C0145,B2B,Finance,North,2022-04-06,327377.75,Active,38.0,3.0,21650.23,3.0,2.6666666666666665,50.36666666666667,1.0,21650.23
C0146,B2C,Technology,East,2023-10-18,213590.27,Inactive,204.0,7.0,43641.87,3.0,4.666666666666667,27.366666666666664,0.0,43641.87
C0147,B2B,Finance,South,2023-08-26,197957.15,Active,159.0,3.0,15216.71,1.0,3.0,8.7,0.0,15216.71
C0148,B2B,Retail,West,2025-11-05,176538.87,Active,462.0,7.0,43776.4,4.0,2.75,15.775,2.0,43776.4
C0149,B2B,Retail,East,2025-08-08,420363.2,Inactive,322.0,4.0,26604.690000000002,1.0,3.0,3.3,0.0,26604.690000000002
C0150,B2B,Finance,West,2025-11-08,179110.73,Inactive,822.0,1.0,18540.48,1.0,2.0,50.1,0.0,18540.48
C0151,B2C,Manufacturing,South,2023-07-22,290180.84,Active,91.0,5.0,32547.87,1.0,1.0,50.6,1.0,32547.87
C0152,B2C,Healthcare,East,2025-10-20,374905.52,Inactive,41.0,6.0,31575.54,1.0,4.0,35.3,0.0,31575.54
C0153,B2B,Finance,North,2023-03-02,71860.67,Active,936.0,1.0,4555.58,4.0,3.25,32.125,2.0,4555.58
C0154,B2B,Finance,North,2025-11-17,267716.03,Inactive,174.0,6.0,44340.69,2.0,3.5,51.25,0.0,44340.69
C0155,B2B,Finance,South,2021-02-01,46665.84,Active,161.0,3.0,25117.6,4.0,2.0,39.675000000000004,2.0,25117.6
C0156,B2C,Healthcare,East,2022-11-25,427647.25,Inactive,271.0,3.0,30091.64,3.0,3.3333333333333335,29.2,0.0,30091.64
C0157,B2C,Technology,North,2022-10-11,312555.14,Active,15.0,4.0,26939.9,2.0,3.5,37.45,1.0,26939.9
C0158,B2C,Manufacturing,North,2024-07-16,222646.02,Active,74.0,4.0,41138.869999999995,5.0,2.8,37.739999999999995,3.0,41138.869999999995
C0159,B2B,Finance,South,2025-04-07,350060.57,Active,435.0,1.0,6661.81,2.0,4.5,46.55,0.0,6661.81
C0160,B2C,Healthcare,East,2021-04-05,185647.04,Inactive,223.0,4.0,31490.489999999998,3.0,3.0,40.800000000000004,3.0,31490.489999999998
C0161,B2B,Technology,West,2021-10-26,287304.75,Active,195.0,5.0,38879.37,4.0,5.0,31.075,1.0,38879.37
C0162,B2B,Healthcare,West,2021-12-15,313658.08,Active,92.0,6.0,35950.009999999995,2.0,3.0,23.8,0.0,35950.009999999995
C0163,B2B,Manufacturing,West,2023-10-17,322573.27,Inactive,9.0,4.0,16497.06,4.0,4.0,47.95,0.0,16497.06
C0164,B2B,Finance,East,2022-06-07,342029.33,Active,169.0,5.0,64073.29,2.0,2.0,27.65,0.0,64073.29
C0165,B2C,Retail,East,2021-06-01,323079.96,Inactive,1.0,5.0,48585.369999999995,3.0,4.666666666666667,43.06666666666667,1.0,48585.369999999995
C0166,B2C,Finance,East,2024-11-14,107616.33,Inactive,380.0,2.0,6507.19,0.0,0.0,0.0,0.0,6507.19
C0167,B2C,Healthcare,South,2025-10-14,196868.51,Active,207.0,2.0,15589.12,0.0,0.0,0.0,0.0,15589.12
C0168,B2C,Retail,North,2024-03-23,489192.8,Inactive,26.0,1.0,1932.49,5.0,2.6,35.08,0.0,1932.49
C0169,B2B,Technology,North,2022-07-17,456202.31,Inactive,75.0,5.0,24173.54,3.0,1.6666666666666667,21.633333333333336,0.0,24173.54
C0170,B2C,Manufacturing,East,2025-09-02,117312.22,Active,45.0,5.0,31766.219999999998,3.0,2.0,35.733333333333334,0.0,31766.219999999998
C0171,B2C,Manufacturing,North,2024-06-25,452667.81,Active,257.0,3.0,12995.439999999999,2.0,3.5,32.9,0.0,12995.439999999999
C0172,B2C,Healthcare,East,2022-09-25,368856.29,Active,201.0,3.0,18161.23,7.0,2.4285714285714284,30.542857142857144,2.0,18161.23
C0173,B2C,Finance,South,2022-08-28,108389.45,Active,233.0,4.0,33378.28,1.0,4.0,35.8,1.0,33378.28
C0174,B2C,Manufacturing,East,2023-12-24,457883.99,Inactive,553.0,3.0,12093.86,3.0,3.6666666666666665,36.66666666666667,3.0,12093.86
C0175,B2C,Retail,North,2025-07-10,239482.38,Active,241.0,3.0,23001.56,3.0,4.666666666666667,46.6,1.0,23001.56
C0176,B2B,Finance,East,2021-10-16,54248.41,Inactive,63.0,2.0,7093.9400000000005,0.0,0.0,0.0,0.0,7093.9400000000005
C0177,B2C,Technology,North,2021-01-29,232845.15,Active,24.0,3.0,9870.7,0.0,0.0,0.0,0.0,9870.7
C0178,B2C,Retail,North,2024-04-12,340669.91,Inactive,444.0,5.0,41277.47,6.0,2.6666666666666665,38.666666666666664,3.0,41277.47
C0179,B2C,Technology,South,2021-02-21,327349.67,Inactive,211.0,4.0,24800.94,2.0,1.5,18.700000000000003,0.0,24800.94
C0180,B2C,Finance,North,2024-12-06,78490.74,Active,52.0,3.0,21073.68,2.0,3.5,17.55,1.0,21073.68
C0181,B2C,Healthcare,North,2022-09-16,125052.02,Active,420.0,1.0,1009.78,3.0,3.3333333333333335,46.5,2.0,1009.78
C0182,B2C,Retail,West,2023-03-07,297796.77,Active,280.0,5.0,45373.26,5.0,3.6,28.639999999999997,1.0,45373.26
C0183,B2B,Finance,West,2023-04-30,470136.0,Active,392.0,6.0,34620.26,4.0,4.25,40.275,0.0,34620.26
C0184,B2C,Manufacturing,West,2021-03-09,227900.97,Active,924.0,1.0,10499.78,2.0,1.5,48.849999999999994,0.0,10499.78
C0185,B2C,Healthcare,East,2025-10-18,276788.27,Active,161.0,2.0,6707.4,3.0,2.3333333333333335,29.166666666666668,0.0,6707.4
C0186,B2C,Retail,South,2021-05-05,484421.37,Inactive,52.0,7.0,54204.71,4.0,3.25,35.925,1.0,54204.71
C0187,B2B,Technology,North,2021-07-07,34783.47,Active,167.0,6.0,26314.23,3.0,4.0,38.833333333333336,0.0,26314.23
C0188,B2B,Technology,South,2022-05-14,43618.97,Active,153.0,3.0,19218.99,2.0,2.0,34.6,0.0,19218.99
C0189,B2B,Manufacturing,East,2024-04-15,389440.6,Active,54.0,4.0,12795.48,0.0,0.0,0.0,0.0,12795.48
C0190,B2B,Manufacturing,East,2022-07-22,401271.77,Active,60.0,5.0,27768.36,5.0,3.6,40.04,2.0,27768.36
C0191,B2B,Manufacturing,North,2024-09-15,185538.72,Active,205.0,3.0,14360.900000000001,5.0,3.0,39.2,3.0,14360.900000000001
C0192,B2C,Healthcare,South,2024-04-20,140030.08,Active,206.0,3.0,16215.05,2.0,2.5,2.7,0.0,16215.05
C0193,B2C,Technology,North,2025-02-28,375375.98,Inactive,837.0,4.0,19607.99,5.0,4.0,50.94,3.0,19607.99
C0194,B2C,Technology,North,2023-07-08,231482.66,Active,9.0,4.0,23401.32,4.0,2.25,30.525000000000002,2.0,23401.32
C0195,B2B,Technology,East,2024-06-13,234440.84,Active,40.0,4.0,29142.9,3.0,3.0,30.733333333333334,2.0,29142.9
C0196,B2C,Finance,West,2021-05-05,346187.77,Inactive,258.0,2.0,5460.96,1.0,2.0,39.7,0.0,5460.96
C0197,B2C,Healthcare,North,2024-12-29,167834.79,Active,278.0,3.0,26503.629999999997,2.0,1.5,27.400000000000002,0.0,26503.629999999997
C0198,B2B,Retail,East,2021-05-15,196643.16,Active,100.0,3.0,17832.38,4.0,3.5,30.225,1.0,17832.38
C0199,B2C,Healthcare,North,2023-07-19,427868.44,Active,21.0,2.0,15261.94,5.0,2.2,37.04,1.0,15261.94
C0200,B2C,Manufacturing,West,2023-05-31,176076.49,Inactive,6.0,4.0,29681.370000000003,3.0,2.0,17.400000000000002,0.0,29681.370000000003
C0201,B2C,Healthcare,East,2023-03-28,219114.36,Active,419.0,6.0,36291.759999999995,2.0,3.0,67.19999999999999,0.0,36291.759999999995
C0202,B2B,Finance,North,2023-02-06,54700.15,Active,460.0,3.0,19096.9,4.0,4.25,33.625,1.0,19096.9
C0203,B2C,Healthcare,East,2021-07-10,407766.95,Active,144.0,4.0,26497.24,1.0,4.0,2.3,1.0,26497.24
C0204,B2C,Healthcare,West,2024-04-16,183263.06,Inactive,253.0,3.0,25754.91,3.0,3.0,46.166666666666664,0.0,25754.91
C0205,B2B,Retail,East,2025-11-13,182306.63,Active,103.0,6.0,39073.8,1.0,3.0,47.6,0.0,39073.8
C0206,B2C,Manufacturing,North,2021-11-13,181555.86,Active,146.0,3.0,26365.46,4.0,2.75,31.25,0.0,26365.46
C0207,B2C,Technology,South,2021-08-24,405538.47,Active,831.0,1.0,7304.91,2.0,3.5,49.2,1.0,7304.91
C0208,B2C,Healthcare,South,2024-06-01,143902.49,Active,432.0,4.0,17647.239999999998,6.0,1.8333333333333333,41.35,5.0,17647.239999999998
C0209,B2C,Healthcare,South,2022-11-27,436232.73,Inactive,871.0,3.0,21493.09,1.0,5.0,66.3,0.0,21493.09
C0210,B2B,Healthcare,North,2021-05-23,375594.76,Active,438.0,3.0,26560.27,3.0,3.0,32.63333333333333,2.0,26560.27
C0211,B2C,Finance,East,2023-02-10,87130.55,Active,162.0,5.0,36973.36,3.0,4.333333333333333,55.833333333333336,0.0,36973.36
C0212,B2C,Technology,North,2025-01-17,442837.67,Active,198.0,1.0,5465.51,2.0,3.5,33.6,1.0,5465.51
C0213,B2B,Healthcare,East,2021-11-19,227125.36,Inactive,22.0,5.0,28365.59,5.0,4.0,48.160000000000004,3.0,28365.59
C0214,B2C,Finance,East,2023-09-22,115628.79,Active,118.0,3.0,24672.190000000002,2.0,1.0,37.65,0.0,24672.190000000002
C0215,B2C,Healthcare,East,2022-12-08,342326.77,Inactive,51.0,6.0,39880.55,4.0,3.75,34.625,1.0,39880.55
C0216,B2C,Healthcare,South,2023-12-16,203679.06,Active,496.0,4.0,25011.63,4.0,1.75,54.75,1.0,25011.63
C0217,B2B,Retail,South,2021-01-16,386001.27,Active,196.0,10.0,70777.75,5.0,2.6,40.4,2.0,70777.75
C0218,B2C,Healthcare,North,2022-08-16,253718.81,Inactive,6.0,2.0,23870.38,3.0,4.0,41.1,1.0,23870.38
C0219,B2B,Finance,South,2021-12-26,255128.55,Active,75.0,2.0,17800.38,2.0,3.0,35.5,1.0,17800.38
C0220,B2C,Healthcare,West,2021-05-28,19183.35,Active,0.0,0.0,0.0,2.0,2.5,25.200000000000003,0.0,0.0
C0221,B2C,Technology,West,2025-11-01,290965.84,Inactive,5.0,3.0,29134.2,4.0,2.0,43.85,3.0,29134.2
C0222,B2B,Finance,North,2022-08-16,483437.85,Active,311.0,3.0,25912.940000000002,2.0,3.0,31.900000000000002,1.0,25912.940000000002
C0223,B2C,Retail,North,2025-06-30,223988.77,Active,233.0,6.0,52892.41,2.0,2.0,31.450000000000003,0.0,52892.41
C0224,B2C,Technology,West,2022-05-14,266741.65,Inactive,252.0,2.0,7282.25,4.0,3.5,35.35,2.0,7282.25
C0225,B2C,Retail,South,2025-11-18,173203.63,Active,101.0,3.0,23222.120000000003,2.0,3.0,61.25,0.0,23222.120000000003
C0226,B2B,Technology,South,2021-06-06,453902.14,Active,451.0,4.0,15433.619999999999,2.0,2.0,8.9,0.0,15433.619999999999
C0227,B2B,Manufacturing,North,2022-12-21,81757.67,Active,274.0,3.0,23534.09,4.0,3.75,56.975,2.0,23534.09
C0228,B2B,Healthcare,South,2021-12-22,476133.15,Inactive,184.0,3.0,5853.41,1.0,2.0,34.8,0.0,5853.41
C0229,B2C,Technology,East,2023-08-09,433480.97,Active,0.0,0.0,0.0,3.0,3.3333333333333335,30.3,1.0,0.0
C0230,B2C,Healthcare,West,2021-11-06,226681.95,Active,193.0,5.0,44793.12,0.0,0.0,0.0,0.0,44793.12
C0231,B2C,Technology,North,2025-06-19,182451.69,Active,268.0,1.0,1273.52,1.0,2.0,50.3,1.0,1273.52
C0232,B2C,Finance,North,2022-09-28,37876.12,Active,116.0,6.0,35409.82,0.0,0.0,0.0,0.0,35409.82
C0233,B2B,Technology,West,2021-06-07,236728.71,Active,55.0,7.0,43712.9,2.0,3.0,44.9,1.0,43712.9
C0234,B2B,Retail,West,2023-07-11,255669.98,Active,697.0,2.0,17815.45,3.0,3.0,41.666666666666664,2.0,17815.45
C0235,B2B,Retail,North,2023-07-12,257229.01,Active,74.0,5.0,44906.87,0.0,0.0,0.0,0.0,44906.87
C0236,B2B,Finance,West,2021-03-22,266793.59,Active,695.0,1.0,8583.73,2.0,5.0,10.1,1.0,8583.73
C0237,B2C,Retail,West,2023-01-16,210297.0,Active,0.0,0.0,0.0,5.0,2.6,36.64,2.0,0.0
C0238,B2B,Retail,North,2024-10-22,171548.47,Inactive,605.0,5.0,31336.12,3.0,3.0,48.56666666666666,0.0,31336.12
C0239,B2C,Technology,South,2022-08-05,173347.4,Active,193.0,5.0,49487.86,6.0,2.8333333333333335,41.61666666666667,2.0,49487.86
C0240,B2C,Finance,South,2022-12-18,301570.2,Active,561.0,2.0,14346.539999999999,1.0,3.0,35.7,0.0,14346.539999999999
C0241,B2C,Retail,South,2022-09-27,338357.04,Active,139.0,3.0,24134.52,3.0,3.0,47.96666666666667,0.0,24134.52
C0242,B2C,Technology,East,2024-08-16,18932.96,Active,146.0,4.0,22272.84,4.0,2.5,47.3,1.0,22272.84
C0243,B2B,Retail,West,2022-01-05,104082.56,Active,24.0,3.0,19241.02,2.0,3.0,40.25,0.0,19241.02
C0244,B2B,Retail,North,2021-11-14,258767.96,Active,63.0,5.0,29039.97,2.0,3.5,48.25,0.0,29039.97
C0245,B2C,Technology,South,2024-09-17,302650.76,Active,381.0,3.0,3962.69,3.0,3.0,42.86666666666667,0.0,3962.69
C0246,B2B,Technology,South,2021-11-29,363379.67,Active,157.0,2.0,9193.09,0.0,0.0,0.0,0.0,9193.09
C0247,B2C,Manufacturing,West,2023-04-22,309191.76,Inactive,25.0,4.0,23797.52,2.0,3.0,19.55,0.0,23797.52
C0248,B2B,Retail,West,2022-04-25,452947.43,Active,453.0,5.0,37269.6,4.0,2.75,47.95,1.0,37269.6
C0249,B2C,Finance,East,2023-01-24,391280.78,Inactive,744.0,3.0,15610.900000000001,3.0,4.0,25.866666666666664,2.0,15610.900000000001
C0250,B2B,Technology,South,2021-11-28,437770.94,Active,153.0,2.0,17432.02,0.0,0.0,0.0,0.0,17432.02
C0251,B2C,Retail,North,2024-08-06,358586.48,Active,6.0,2.0,11765.66,2.0,3.0,21.1,0.0,11765.66
C0252,B2B,Manufacturing,East,2022-08-07,230166.42,Active,129.0,9.0,63937.17,5.0,3.4,26.419999999999998,0.0,63937.17
C0253,B2C,Healthcare,South,2025-08-29,410184.6,Active,723.0,2.0,6678.36,3.0,3.0,50.333333333333336,1.0,6678.36
C0254,B2C,Healthcare,West,2021-02-24,255983.49,Active,199.0,5.0,26812.53,3.0,2.0,35.06666666666667,0.0,26812.53
C0255,B2B,Retail,South,2023-03-02,23811.9,Active,2.0,2.0,5804.1900000000005,2.0,1.5,46.400000000000006,1.0,5804.1900000000005
C0256,B2C,Manufacturing,South,2025-09-15,28768.56,Inactive,59.0,3.0,13989.529999999999,3.0,3.0,28.8,1.0,13989.529999999999
C0257,B2B,Finance,West,2024-11-26,311520.65,Active,16.0,5.0,47273.119999999995,3.0,2.6666666666666665,18.400000000000002,1.0,47273.119999999995
C0258,B2C,Manufacturing,South,2021-02-08,278914.08,Inactive,52.0,4.0,32804.71,2.0,5.0,41.75,0.0,32804.71
C0259,B2C,Manufacturing,East,2021-08-16,69705.69,Active,279.0,3.0,27075.0,1.0,2.0,67.0,0.0,27075.0
C0260,B2C,Healthcare,North,2023-05-10,419976.98,Inactive,256.0,2.0,10005.73,4.0,3.5,35.85,0.0,10005.73
C0261,B2B,Technology,South,2024-05-07,362086.72,Active,378.0,5.0,59927.47,2.0,3.0,43.9,0.0,59927.47
C0262,B2B,Technology,East,2023-05-30,127876.48,Inactive,180.0,4.0,24507.129999999997,7.0,3.7142857142857144,47.357142857142854,1.0,24507.129999999997
C0263,B2B,Technology,East,2022-01-19,43162.87,Active,391.0,4.0,30283.440000000002,4.0,3.25,21.275,2.0,30283.440000000002
C0264,B2C,Healthcare,West,2023-03-11,490709.32,Active,224.0,4.0,22193.62,6.0,2.6666666666666665,33.68333333333334,0.0,22193.62
C0265,B2B,Retail,North,2025-03-11,178953.22,Active,183.0,2.0,21476.67,1.0,1.0,43.0,0.0,21476.67
C0266,B2C,Manufacturing,North,2025-04-30,182626.53,Active,103.0,7.0,37384.87,2.0,3.5,27.55,0.0,37384.87
C0267,B2B,Finance,West,2025-07-25,319550.57,Active,561.0,1.0,4420.92,4.0,4.25,51.125,1.0,4420.92
C0268,B2C,Healthcare,East,2021-05-10,108779.59,Active,761.0,3.0,21206.94,2.0,2.0,34.55,1.0,21206.94
C0269,B2C,Retail,West,2021-03-27,494670.12,Inactive,891.0,1.0,3591.71,3.0,4.0,52.1,0.0,3591.71
C0270,B2B,Manufacturing,East,2022-06-03,184917.35,Active,41.0,4.0,32274.28,6.0,3.3333333333333335,28.933333333333334,1.0,32274.28
C0271,B2C,Retail,North,2025-11-09,401677.78,Inactive,160.0,3.0,15334.140000000001,2.0,5.0,38.95,1.0,15334.140000000001
C0272,B2C,Finance,East,2023-03-31,487124.56,Inactive,47.0,1.0,5997.37,4.0,2.75,46.625,1.0,5997.37
C0273,B2C,Retail,East,2024-11-18,402562.56,Inactive,65.0,4.0,27678.74,4.0,2.25,42.125,1.0,27678.74
C0274,B2C,Technology,South,2021-06-11,277282.45,Active,809.0,1.0,9952.87,2.0,3.0,56.95,0.0,9952.87
C0275,B2B,Retail,East,2021-07-30,160182.97,Inactive,84.0,6.0,39367.37,5.0,3.2,27.78,0.0,39367.37
C0276,B2C,Retail,West,2021-12-08,30754.03,Active,78.0,2.0,10405.32,1.0,1.0,15.3,0.0,10405.32
C0277,B2C,Retail,North,2024-06-13,46770.17,Inactive,150.0,6.0,24741.08,4.0,3.0,14.575,1.0,24741.08
C0278,B2B,Healthcare,South,2023-01-15,425847.96,Inactive,15.0,4.0,17521.67,6.0,3.3333333333333335,27.183333333333334,1.0,17521.67
C0279,B2B,Healthcare,South,2021-03-13,391472.53,Active,206.0,4.0,27627.309999999998,6.0,3.5,46.61666666666667,0.0,27627.309999999998
C0280,B2C,Technology,North,2023-01-12,306496.47,Inactive,54.0,3.0,18336.239999999998,3.0,3.0,47.23333333333333,0.0,18336.239999999998
C0281,B2C,Finance,North,2023-01-30,291221.67,Active,244.0,3.0,24613.55,3.0,1.3333333333333333,31.96666666666667,1.0,24613.55
C0282,B2C,Retail,South,2023-03-27,480654.83,Active,344.0,3.0,17952.0,5.0,4.2,22.0,1.0,17952.0
C0283,B2B,Finance,West,2025-02-15,457635.83,Active,6.0,5.0,37189.94,2.0,1.5,50.0,1.0,37189.94
C0284,B2C,Finance,South,2022-06-21,498218.9,Active,326.0,1.0,4405.18,3.0,2.0,39.6,0.0,4405.18
C0285,B2C,Manufacturing,North,2024-11-22,76506.92,Active,42.0,4.0,30303.93,6.0,3.5,48.099999999999994,1.0,30303.93
C0286,B2B,Finance,North,2023-07-15,407151.48,Active,5.0,4.0,18114.86,3.0,2.0,49.900000000000006,3.0,18114.86
C0287,B2C,Healthcare,East,2024-09-29,446752.52,Active,745.0,1.0,6753.9,1.0,2.0,18.7,0.0,6753.9
C0288,B2B,Retail,South,2024-12-28,69467.6,Active,589.0,1.0,2794.29,3.0,4.333333333333333,48.76666666666667,0.0,2794.29
C0289,B2B,Manufacturing,West,2025-06-11,22879.17,Active,18.0,3.0,10701.75,5.0,3.0,36.58,1.0,10701.75
C0290,B2B,Technology,North,2023-08-16,42216.57,Inactive,14.0,5.0,36506.32,3.0,3.6666666666666665,42.79999999999999,0.0,36506.32
C0291,B2C,Technology,West,2025-01-08,386890.63,Active,838.0,2.0,14909.91,4.0,2.75,38.675,0.0,14909.91
C0292,B2C,Healthcare,West,2021-09-14,238258.27,Active,508.0,3.0,29525.7,4.0,3.75,29.775,0.0,29525.7
C0293,B2B,Manufacturing,West,2021-09-20,256403.26,Active,422.0,4.0,16073.3,1.0,3.0,57.1,0.0,16073.3
C0294,B2B,Technology,South,2025-08-30,159021.03,Active,147.0,4.0,37413.22,6.0,2.6666666666666665,29.78333333333333,0.0,37413.22
C0295,B2B,Retail,East,2022-10-23,424507.52,Active,172.0,5.0,33609.27,3.0,3.0,46.866666666666674,2.0,33609.27
C0296,B2C,Manufacturing,East,2022-02-07,311069.86,Active,6.0,4.0,11694.82,3.0,1.0,42.36666666666667,0.0,11694.82
C0297,B2B,Technology,South,2023-10-27,93888.31,Active,47.0,1.0,5771.38,3.0,3.3333333333333335,31.03333333333333,1.0,5771.38
C0298,B2B,Healthcare,North,2025-09-22,32276.28,Active,140.0,3.0,13181.650000000001,7.0,3.5714285714285716,33.22857142857143,3.0,13181.650000000001
C0299,B2B,Technology,West,2024-08-26,312873.13,Active,141.0,3.0,13606.460000000001,3.0,3.6666666666666665,33.03333333333333,0.0,13606.460000000001
C0300,B2C,Retail,West,2023-10-17,129990.18,Inactive,563.0,1.0,17846.65,1.0,3.0,2.0,0.0,17846.65
C0301,B2C,Healthcare,North,2022-09-02,87459.42,Inactive,16.0,5.0,43069.6,1.0,5.0,43.7,0.0,43069.6
C0302,B2C,Manufacturing,East,2023-09-19,307263.53,Active,62.0,4.0,32468.48,4.0,3.25,6.675,1.0,32468.48
C0303,B2C,Retail,West,2025-10-31,74075.41,Active,451.0,3.0,18860.54,9.0,2.5555555555555554,40.599999999999994,1.0,18860.54
C0304,B2B,Retail,South,2023-11-21,238571.56,Active,335.0,1.0,8552.51,4.0,3.75,40.275,1.0,8552.51
C0305,B2B,Manufacturing,North,2023-07-10,34796.59,Inactive,147.0,2.0,13829.53,2.0,1.5,42.8,0.0,13829.53
C0306,B2C,Manufacturing,South,2025-11-05,408604.14,Active,101.0,4.0,22716.050000000003,2.0,5.0,34.25,0.0,22716.050000000003
C0307,B2B,Finance,West,2022-01-24,254392.26,Active,67.0,4.0,14867.21,2.0,3.5,28.7,1.0,14867.21
C0308,B2B,Healthcare,West,2023-10-16,257667.79,Active,104.0,11.0,67026.2,0.0,0.0,0.0,0.0,67026.2
C0309,B2C,Healthcare,North,2022-03-17,147864.61,Inactive,48.0,4.0,26373.26,1.0,3.0,50.6,0.0,26373.26
C0310,B2B,Healthcare,West,2022-08-09,75628.12,Active,52.0,2.0,6564.969999999999,2.0,3.0,37.65,0.0,6564.969999999999
C0311,B2C,Finance,East,2025-01-29,32168.77,Active,224.0,7.0,46958.79,2.0,2.5,38.8,0.0,46958.79
C0312,B2B,Retail,East,2024-03-13,46030.56,Inactive,514.0,1.0,4084.46,4.0,3.5,47.8,2.0,4084.46
C0313,B2C,Technology,North,2025-04-15,73045.06,Active,309.0,5.0,20698.6,1.0,5.0,19.1,1.0,20698.6
C0314,B2C,Retail,East,2023-03-18,379932.93,Active,261.0,2.0,23572.91,3.0,4.0,26.46666666666667,0.0,23572.91
C0315,B2C,Technology,North,2024-05-18,32198.64,Active,277.0,5.0,43684.16,4.0,4.0,31.425,1.0,43684.16
C0316,B2C,Finance,West,2025-01-01,82980.93,Active,100.0,3.0,22584.01,5.0,3.2,28.380000000000003,2.0,22584.01
C0317,B2C,Manufacturing,West,2022-11-03,495401.71,Active,316.0,4.0,31844.42,3.0,2.3333333333333335,38.9,1.0,31844.42
C0318,B2C,Technology,West,2024-04-30,357282.51,Active,533.0,2.0,21179.46,3.0,3.6666666666666665,49.96666666666667,0.0,21179.46
C0319,B2B,Retail,East,2023-08-31,340165.13,Inactive,49.0,5.0,39144.59,5.0,2.8,38.28,1.0,39144.59
C0320,B2C,Healthcare,West,2024-04-10,140109.91,Active,27.0,8.0,49718.23,4.0,2.75,33.25,3.0,49718.23
C0321,B2B,Technology,West,2025-01-17,93550.91,Inactive,50.0,4.0,18487.72,3.0,2.3333333333333335,51.166666666666664,1.0,18487.72
C0322,B2B,Healthcare,North,2021-10-30,103484.32,Inactive,195.0,2.0,20631.16,4.0,2.25,60.15,0.0,20631.16
C0323,B2C,Manufacturing,West,2022-10-05,348345.13,Inactive,501.0,3.0,26917.65,2.0,2.5,40.35,0.0,26917.65
C0324,B2C,Healthcare,South,2023-10-25,264154.77,Active,467.0,1.0,1203.77,9.0,3.5555555555555554,31.08888888888889,0.0,1203.77
C0325,B2C,Technology,West,2024-09-18,163738.77,Active,14.0,4.0,39328.55,2.0,2.0,64.75,0.0,39328.55
C0326,B2C,Technology,East,2023-07-31,341175.6,Active,27.0,8.0,55205.41,2.0,1.5,46.5,0.0,55205.41
C0327,B2C,Manufacturing,South,2024-06-03,146713.13,Active,779.0,1.0,5713.77,5.0,3.6,47.4,0.0,5713.77
C0328,B2C,Retail,South,2022-04-06,348217.56,Inactive,26.0,2.0,10993.130000000001,7.0,2.857142857142857,39.18571428571429,0.0,10993.130000000001
C0329,B2C,Retail,East,2022-10-12,151016.79,Inactive,366.0,6.0,42659.96,4.0,4.5,50.325,2.0,42659.96
C0330,B2C,Manufacturing,East,2023-03-20,30612.58,Active,204.0,3.0,24680.239999999998,3.0,4.666666666666667,32.93333333333333,1.0,24680.239999999998
C0331,B2C,Retail,West,2022-12-11,114853.54,Active,342.0,1.0,4482.97,3.0,3.0,60.26666666666667,0.0,4482.97
C0332,B2C,Manufacturing,North,2024-02-26,311681.75,Active,170.0,2.0,13838.98,3.0,2.3333333333333335,28.333333333333332,1.0,13838.98
C0333,B2B,Technology,South,2022-05-12,322592.84,Active,76.0,5.0,28207.32,2.0,1.5,11.65,0.0,28207.32
C0334,B2C,Retail,West,2021-07-25,59267.0,Active,230.0,3.0,10686.54,6.0,3.5,42.9,0.0,10686.54
C0335,B2B,Finance,West,2021-01-11,243949.78,Active,19.0,2.0,27351.72,1.0,4.0,22.9,0.0,27351.72
C0336,B2C,Retail,East,2025-03-29,326489.98,Active,576.0,2.0,14060.14,3.0,4.0,38.9,1.0,14060.14
C0337,B2B,Technology,North,2024-08-28,457482.57,Active,33.0,6.0,53826.53,1.0,4.0,53.7,0.0,53826.53
C0338,B2B,Healthcare,West,2023-05-06,396100.71,Active,24.0,5.0,40565.93,2.0,4.0,9.75,0.0,40565.93
C0339,B2C,Healthcare,North,2025-03-14,156212.18,Active,374.0,2.0,8328.28,6.0,3.3333333333333335,53.38333333333333,2.0,8328.28
C0340,B2C,Finance,West,2022-11-18,445737.38,Active,17.0,5.0,45266.84,0.0,0.0,0.0,0.0,45266.84
C0341,B2C,Retail,South,2025-10-09,406318.8,Active,16.0,4.0,33154.479999999996,3.0,3.3333333333333335,46.93333333333334,0.0,33154.479999999996
C0342,B2C,Retail,South,2021-11-29,16901.26,Active,81.0,2.0,20121.31,6.0,2.5,21.433333333333334,2.0,20121.31
C0343,B2C,Technology,South,2025-06-08,95992.51,Inactive,512.0,2.0,7862.139999999999,6.0,3.5,21.95,0.0,7862.139999999999
C0344,B2C,Technology,East,2025-08-21,52501.51,Active,489.0,5.0,24063.83,2.0,5.0,61.75,0.0,24063.83
C0345,B2B,Finance,East,2022-01-14,468554.44,Active,51.0,3.0,24471.329999999998,4.0,3.0,37.1,1.0,24471.329999999998
C0346,B2C,Manufacturing,West,2022-06-19,379340.76,Active,155.0,5.0,24284.91,3.0,2.6666666666666665,32.06666666666667,0.0,24284.91
C0347,B2B,Retail,East,2022-09-11,349456.61,Active,49.0,3.0,23463.85,3.0,1.3333333333333333,39.1,0.0,23463.85
C0348,B2B,Finance,East,2024-09-29,88261.24,Active,284.0,5.0,19449.45,1.0,3.0,70.0,0.0,19449.45
C0349,B2B,Retail,East,2024-11-14,311166.47,Active,428.0,3.0,16742.190000000002,2.0,3.5,35.75,2.0,16742.190000000002
C0350,B2C,Manufacturing,West,2021-10-01,376390.07,Active,147.0,7.0,40127.26,2.0,1.5,45.650000000000006,0.0,40127.26
C0351,B2C,Technology,South,2023-05-02,383311.21,Active,67.0,4.0,14023.1,3.0,2.0,16.433333333333334,0.0,14023.1
C0352,B2C,Technology,East,2023-12-13,48270.33,Active,86.0,2.0,13354.33,4.0,3.75,52.975,0.0,13354.33
C0353,B2B,Technology,South,2021-05-07,90623.21,Inactive,25.0,8.0,40313.51,0.0,0.0,0.0,0.0,40313.51
C0354,B2B,Technology,West,2021-08-27,54561.41,Inactive,417.0,1.0,805.78,4.0,2.5,29.85,1.0,805.78
C0355,B2B,Finance,South,2025-07-15,261491.44,Inactive,110.0,5.0,39590.3,3.0,1.0,20.266666666666666,0.0,39590.3
C0356,B2B,Technology,West,2024-02-29,339656.18,Active,310.0,4.0,34086.88,2.0,1.0,49.3,1.0,34086.88
C0357,B2B,Finance,East,2025-01-21,410062.08,Active,296.0,5.0,38641.9,5.0,3.8,35.3,1.0,38641.9
C0358,B2B,Healthcare,West,2024-03-30,178819.14,Active,121.0,7.0,36580.54,7.0,1.8571428571428572,38.271428571428565,3.0,36580.54
C0359,B2B,Healthcare,West,2024-01-14,25550.09,Inactive,288.0,1.0,5291.1,5.0,3.0,36.14,2.0,5291.1
C0360,B2B,Finance,East,2022-01-04,496499.73,Inactive,110.0,4.0,40806.770000000004,4.0,2.0,32.8,1.0,40806.770000000004
C0361,B2C,Finance,North,2023-07-08,344537.87,Active,21.0,6.0,28906.19,6.0,4.166666666666667,24.133333333333336,2.0,28906.19
C0362,B2C,Healthcare,South,2024-08-31,496494.92,Inactive,270.0,2.0,5023.91,4.0,2.25,13.625,0.0,5023.91
C0363,B2B,Manufacturing,North,2023-12-20,380527.91,Active,77.0,4.0,20425.35,7.0,2.857142857142857,42.1,1.0,20425.35
C0364,B2C,Technology,West,2023-08-07,413446.61,Active,114.0,3.0,16518.489999999998,2.0,4.0,40.3,0.0,16518.489999999998
C0365,B2C,Manufacturing,East,2023-08-02,102355.42,Active,470.0,2.0,23025.68,5.0,3.0,26.98,2.0,23025.68
C0366,B2C,Technology,North,2021-03-07,127926.48,Active,97.0,4.0,33596.41,1.0,4.0,24.4,0.0,33596.41
C0367,B2B,Finance,North,2021-07-26,129919.73,Active,126.0,4.0,11510.08,2.0,4.0,29.65,0.0,11510.08
C0368,B2C,Manufacturing,South,2023-04-04,379649.0,Active,0.0,0.0,0.0,4.0,3.0,30.6,0.0,0.0
C0369,B2C,Manufacturing,East,2021-10-14,292962.66,Active,148.0,1.0,12971.14,4.0,3.0,41.425,1.0,12971.14
C0370,B2C,Manufacturing,South,2022-05-01,212644.5,Active,65.0,4.0,20765.940000000002,6.0,1.8333333333333333,31.8,3.0,20765.940000000002
C0371,B2B,Finance,West,2021-05-05,32973.21,Active,352.0,4.0,14681.24,5.0,2.6,39.88,1.0,14681.24
C0372,B2C,Technology,East,2024-08-10,351191.12,Inactive,88.0,5.0,15953.66,6.0,3.6666666666666665,41.75,0.0,15953.66
C0373,B2C,Finance,South,2021-11-02,379663.89,Inactive,583.0,2.0,28968.05,3.0,3.6666666666666665,16.133333333333333,0.0,28968.05
C0374,B2B,Retail,South,2022-05-09,404830.32,Active,740.0,3.0,21082.72,1.0,5.0,56.0,0.0,21082.72
C0375,B2C,Finance,South,2024-02-26,200325.33,Active,307.0,2.0,7690.209999999999,2.0,4.5,44.55,1.0,7690.209999999999
C0376,B2C,Healthcare,West,2022-02-21,425095.36,Active,29.0,3.0,11385.44,0.0,0.0,0.0,0.0,11385.44
C0377,B2B,Healthcare,East,2024-01-02,194812.31,Active,146.0,6.0,33461.490000000005,3.0,2.6666666666666665,35.333333333333336,1.0,33461.490000000005
C0378,B2B,Manufacturing,South,2025-11-25,244903.16,Active,791.0,1.0,7899.39,3.0,2.6666666666666665,9.733333333333334,2.0,7899.39
C0379,B2B,Manufacturing,South,2022-09-13,481418.0,Active,32.0,4.0,36988.77,2.0,2.5,23.95,0.0,36988.77
C0380,B2C,Manufacturing,South,2025-03-10,204349.71,Active,140.0,4.0,27847.010000000002,1.0,3.0,6.2,1.0,27847.010000000002
C0381,B2C,Retail,West,2024-02-05,238462.73,Active,25.0,4.0,19931.89,2.0,3.5,27.15,2.0,19931.89
C0382,B2C,Retail,West,2022-09-24,238341.99,Inactive,257.0,6.0,45292.229999999996,2.0,3.5,20.45,1.0,45292.229999999996
C0383,B2C,Manufacturing,East,2025-04-09,163331.79,Active,452.0,2.0,19888.16,3.0,2.3333333333333335,30.53333333333333,1.0,19888.16
C0384,B2B,Manufacturing,North,2024-02-27,137779.31,Inactive,76.0,7.0,43792.89,4.0,3.25,29.075,0.0,43792.89
C0385,B2B,Manufacturing,East,2022-08-28,122709.13,Active,143.0,3.0,14036.9,1.0,5.0,69.8,0.0,14036.9
C0386,B2C,Retail,West,2023-10-20,483589.05,Inactive,296.0,3.0,25424.36,0.0,0.0,0.0,0.0,25424.36
C0387,B2B,Retail,South,2023-08-02,78579.68,Inactive,134.0,4.0,20931.29,7.0,2.2857142857142856,41.871428571428574,1.0,20931.29
C0388,B2B,Technology,North,2022-01-12,421143.56,Active,80.0,2.0,10260.19,5.0,3.4,33.18,0.0,10260.19
C0389,B2B,Healthcare,West,2025-08-03,77370.85,Active,6.0,3.0,23476.61,1.0,1.0,54.7,0.0,23476.61
C0390,B2B,Healthcare,South,2021-05-20,257809.13,Active,408.0,5.0,31055.47,1.0,3.0,63.2,0.0,31055.47
C0391,B2C,Finance,North,2021-05-04,13240.05,Inactive,139.0,4.0,22976.239999999998,6.0,3.0,30.916666666666668,3.0,22976.239999999998
C0392,B2B,Technology,East,2021-01-25,272511.67,Active,15.0,6.0,20005.67,0.0,0.0,0.0,0.0,20005.67
C0393,B2C,Manufacturing,North,2021-02-05,459843.93,Active,334.0,2.0,3961.6,3.0,2.6666666666666665,37.800000000000004,0.0,3961.6
C0394,B2B,Technology,East,2022-05-09,409455.05,Active,314.0,4.0,37195.08,5.0,2.4,42.519999999999996,1.0,37195.08
C0395,B2C,Healthcare,East,2025-06-17,480055.92,Inactive,0.0,0.0,0.0,5.0,4.2,48.56,3.0,0.0
C0396,B2B,Manufacturing,East,2024-03-03,345180.4,Active,291.0,4.0,39254.91,2.0,2.5,38.35,0.0,39254.91
C0397,B2B,Healthcare,West,2024-08-31,195839.37,Inactive,384.0,2.0,14263.369999999999,3.0,2.3333333333333335,38.333333333333336,0.0,14263.369999999999
C0398,B2B,Manufacturing,North,2021-04-25,254930.61,Inactive,3.0,9.0,73193.6,9.0,2.3333333333333335,43.28888888888889,2.0,73193.6
C0399,B2C,Technology,North,2024-08-13,448447.69,Active,164.0,4.0,25609.4,3.0,2.6666666666666665,51.1,0.0,25609.4
C0400,B2B,Technology,West,2022-04-16,142836.58,Active,917.0,1.0,7898.54,0.0,0.0,0.0,0.0,7898.54
C0401,B2C,Technology,North,2024-11-02,97883.71,Active,1.0,7.0,41099.78,3.0,3.0,47.699999999999996,2.0,41099.78
C0402,B2B,Technology,South,2021-02-02,378604.69,Inactive,121.0,5.0,40675.91,3.0,2.3333333333333335,26.100000000000005,0.0,40675.91
C0403,B2C,Manufacturing,South,2021-06-07,287681.0,Inactive,117.0,4.0,22179.85,5.0,4.0,30.48,0.0,22179.85
C0404,B2C,Finance,South,2024-10-18,397344.06,Active,19.0,3.0,18205.92,2.0,4.0,47.849999999999994,0.0,18205.92
C0405,B2C,Healthcare,North,2023-10-23,224173.24,Active,0.0,0.0,0.0,5.0,2.6,33.260000000000005,1.0,0.0
C0406,B2C,Retail,North,2022-11-29,320720.24,Inactive,343.0,3.0,27625.27,4.0,3.5,49.4,0.0,27625.27
C0407,B2B,Retail,West,2023-10-02,221605.49,Inactive,266.0,6.0,60127.2,3.0,3.6666666666666665,35.233333333333334,2.0,60127.2
C0408,B2C,Manufacturing,North,2021-06-25,50198.62,Active,534.0,3.0,8554.869999999999,2.0,5.0,57.25,0.0,8554.869999999999
C0409,B2B,Finance,East,2023-02-18,186743.11,Active,300.0,6.0,22987.13,2.0,3.0,32.55,0.0,22987.13
C0410,B2C,Finance,East,2021-01-11,383059.78,Active,20.0,7.0,49376.75,2.0,4.0,8.5,0.0,49376.75
C0411,B2B,Manufacturing,West,2021-09-29,229933.4,Inactive,378.0,5.0,26454.329999999998,4.0,2.25,53.800000000000004,0.0,26454.329999999998
C0412,B2B,Healthcare,East,2021-07-31,281567.7,Active,200.0,5.0,29547.77,3.0,2.6666666666666665,17.433333333333334,1.0,29547.77
C0413,B2C,Healthcare,East,2025-11-04,212766.93,Active,868.0,1.0,9704.53,4.0,3.25,50.875,1.0,9704.53
C0414,B2B,Technology,South,2025-01-24,345804.84,Active,81.0,3.0,17522.85,1.0,3.0,62.8,0.0,17522.85
C0415,B2C,Retail,East,2021-10-12,251630.73,Active,0.0,5.0,14671.869999999999,2.0,2.0,36.349999999999994,1.0,14671.869999999999
C0416,B2C,Retail,West,2021-12-09,156878.6,Active,449.0,8.0,71713.2,2.0,2.0,45.3,0.0,71713.2
C0417,B2C,Manufacturing,West,2023-01-10,300965.14,Active,5.0,6.0,30168.909999999996,1.0,5.0,37.8,0.0,30168.909999999996
C0418,B2B,Manufacturing,East,2023-07-27,13316.01,Inactive,731.0,2.0,12180.46,3.0,3.3333333333333335,33.0,1.0,12180.46
C0419,B2C,Retail,West,2022-11-12,174020.75,Active,9.0,4.0,22167.14,2.0,2.0,50.599999999999994,1.0,22167.14
C0420,B2C,Technology,South,2022-09-08,244714.77,Active,285.0,3.0,11630.74,3.0,2.6666666666666665,34.56666666666666,0.0,11630.74
C0421,B2C,Retail,West,2023-03-27,484203.91,Active,162.0,6.0,55196.44,6.0,2.3333333333333335,22.266666666666666,3.0,55196.44
C0422,B2C,Retail,West,2022-10-30,188857.61,Active,116.0,3.0,10296.81,2.0,2.0,10.2,1.0,10296.81
C0423,B2B,Technology,North,2024-04-27,476972.26,Inactive,8.0,4.0,10089.74,3.0,2.3333333333333335,37.06666666666666,0.0,10089.74
C0424,B2B,Finance,East,2024-12-21,417328.09,Active,98.0,2.0,23340.79,5.0,3.6,51.0,1.0,23340.79
C0425,B2C,Finance,South,2025-08-05,320334.66,Active,497.0,1.0,17562.4,7.0,3.0,33.9,2.0,17562.4
C0426,B2B,Finance,West,2022-06-02,46242.92,Inactive,360.0,7.0,77064.13,3.0,2.3333333333333335,52.699999999999996,0.0,77064.13
C0427,B2C,Technology,West,2024-04-07,276386.15,Active,343.0,4.0,13782.45,4.0,3.25,34.95,0.0,13782.45
C0428,B2B,Healthcare,South,2024-12-07,332224.81,Active,489.0,3.0,20089.260000000002,2.0,4.0,33.9,2.0,20089.260000000002
C0429,B2B,Technology,West,2021-12-07,483737.46,Active,288.0,4.0,23227.760000000002,5.0,3.4,45.82,2.0,23227.760000000002
C0430,B2C,Healthcare,North,2025-06-19,58317.21,Active,76.0,7.0,55030.009999999995,1.0,3.0,31.3,0.0,55030.009999999995
C0431,B2B,Finance,East,2023-11-12,201655.74,Active,649.0,4.0,20200.36,2.0,3.0,31.3,1.0,20200.36
C0432,B2B,Finance,North,2022-12-08,154761.79,Active,71.0,9.0,67008.37,2.0,4.5,16.5,2.0,67008.37
C0433,B2B,Retail,East,2021-08-26,178102.67,Active,56.0,9.0,53555.130000000005,2.0,4.5,14.2,0.0,53555.130000000005
C0434,B2C,Retail,West,2023-12-04,57835.29,Inactive,580.0,3.0,18193.07,5.0,3.6,26.18,1.0,18193.07
C0435,B2B,Retail,North,2022-10-16,406991.11,Active,0.0,0.0,0.0,4.0,3.25,42.4,1.0,0.0
C0436,B2C,Healthcare,South,2021-02-16,465662.0,Active,93.0,3.0,22521.21,1.0,2.0,8.9,1.0,22521.21
C0437,B2B,Technology,South,2023-11-23,172184.93,Inactive,0.0,0.0,0.0,1.0,3.0,34.4,0.0,0.0
C0438,B2B,Finance,South,2023-08-05,101329.59,Inactive,0.0,5.0,36326.350000000006,3.0,3.3333333333333335,36.9,0.0,36326.350000000006
C0439,B2B,Technology,South,2023-03-22,230291.76,Inactive,192.0,3.0,21269.27,3.0,1.6666666666666667,49.23333333333333,0.0,21269.27
C0440,B2B,Manufacturing,South,2023-03-08,146388.97,Active,521.0,4.0,25379.09,2.0,3.5,35.8,1.0,25379.09
C0441,B2B,Technology,South,2024-03-28,189238.58,Active,140.0,6.0,56013.42,3.0,3.3333333333333335,34.43333333333333,2.0,56013.42
C0442,B2B,Retail,West,2023-07-27,268580.36,Active,150.0,10.0,90580.6,3.0,2.3333333333333335,35.43333333333333,1.0,90580.6
C0443,B2C,Technology,West,2024-05-07,297632.31,Active,31.0,3.0,20475.8,5.0,2.6,39.88,2.0,20475.8
C0444,B2C,Technology,South,2022-12-22,408731.74,Active,754.0,1.0,10106.28,3.0,3.0,40.43333333333333,0.0,10106.28
C0445,B2B,Manufacturing,East,2024-06-12,67752.21,Active,114.0,2.0,7697.28,2.0,4.5,27.75,1.0,7697.28
C0446,B2B,Retail,South,2021-08-28,260304.19,Inactive,18.0,7.0,40003.64,3.0,2.3333333333333335,22.366666666666664,0.0,40003.64
C0447,B2B,Technology,West,2024-05-06,217289.0,Inactive,26.0,3.0,21831.05,4.0,4.25,28.05,1.0,21831.05
C0448,B2B,Technology,South,2024-07-25,249924.59,Active,243.0,3.0,20488.64,0.0,0.0,0.0,0.0,20488.64
C0449,B2C,Finance,North,2022-01-19,434105.89,Active,157.0,6.0,36726.12,3.0,4.666666666666667,21.2,1.0,36726.12
C0450,B2B,Manufacturing,West,2023-09-20,482276.25,Inactive,76.0,2.0,10384.64,4.0,2.5,44.0,0.0,10384.64
C0451,B2C,Finance,West,2023-04-18,249462.76,Active,32.0,1.0,10139.65,4.0,3.5,47.75,2.0,10139.65
C0452,B2B,Manufacturing,East,2024-03-03,26020.59,Active,67.0,4.0,20830.59,6.0,3.0,38.266666666666666,0.0,20830.59
C0453,B2C,Manufacturing,West,2024-01-07,287168.73,Inactive,185.0,5.0,38448.72,4.0,3.5,32.35,1.0,38448.72
C0454,B2B,Technology,North,2024-01-31,141265.57,Active,473.0,1.0,3305.51,4.0,3.5,46.4,1.0,3305.51
C0455,B2B,Finance,South,2024-01-16,494990.11,Active,22.0,4.0,18259.2,4.0,2.5,36.15,1.0,18259.2
C0456,B2B,Retail,North,2025-02-16,230368.85,Active,349.0,1.0,17895.33,2.0,1.0,32.15,0.0,17895.33
C0457,B2B,Finance,North,2025-11-01,390059.51,Active,71.0,5.0,33810.869999999995,5.0,1.6,18.54,0.0,33810.869999999995
C0458,B2C,Technology,West,2022-03-06,91330.99,Active,42.0,8.0,60400.36,6.0,3.6666666666666665,27.75,2.0,60400.36
C0459,B2B,Manufacturing,North,2025-05-27,289336.43,Active,110.0,2.0,17684.92,0.0,0.0,0.0,0.0,17684.92
C0460,B2B,Retail,East,2024-05-07,151773.29,Active,189.0,4.0,9188.48,4.0,3.75,30.7,1.0,9188.48
C0461,B2B,Manufacturing,West,2025-10-24,460196.67,Active,58.0,4.0,23193.36,3.0,5.0,38.53333333333333,1.0,23193.36
C0462,B2B,Manufacturing,South,2025-11-11,81659.29,Active,26.0,4.0,8503.14,2.0,3.5,21.549999999999997,0.0,8503.14
C0463,B2B,Finance,West,2025-08-24,79664.1,Active,151.0,4.0,21311.09,4.0,3.0,34.225,2.0,21311.09
C0464,B2C,Finance,West,2024-07-09,47002.97,Active,39.0,4.0,31181.79,3.0,3.3333333333333335,46.0,1.0,31181.79
C0465,B2C,Retail,West,2023-04-06,475624.5,Active,146.0,6.0,51866.72,2.0,4.5,31.900000000000002,1.0,51866.72
C0466,B2B,Healthcare,West,2024-04-06,321071.87,Active,424.0,2.0,11274.61,2.0,4.0,57.7,2.0,11274.61
C0467,B2B,Technology,West,2025-10-08,116736.67,Inactive,518.0,3.0,19677.58,3.0,4.333333333333333,47.0,1.0,19677.58
C0468,B2B,Finance,East,2025-08-17,168203.92,Active,123.0,3.0,27952.1,6.0,3.8333333333333335,41.88333333333333,4.0,27952.1
C0469,B2B,Technology,West,2022-11-23,396268.79,Active,104.0,4.0,21286.79,4.0,3.25,34.8,1.0,21286.79
C0470,B2B,Finance,North,2021-04-05,70876.22,Active,499.0,6.0,29966.27,0.0,0.0,0.0,0.0,29966.27
C0471,B2C,Healthcare,West,2023-06-23,109135.92,Active,46.0,2.0,16310.669999999998,2.0,3.0,11.3,1.0,16310.669999999998
C0472,B2C,Manufacturing,East,2024-08-24,55736.59,Active,60.0,6.0,58619.47,3.0,1.3333333333333333,43.26666666666667,2.0,58619.47
C0473,B2B,Retail,South,2022-05-28,35375.76,Active,279.0,3.0,17704.36,6.0,2.8333333333333335,46.333333333333336,1.0,17704.36
C0474,B2B,Finance,North,2025-01-26,354812.04,Active,21.0,6.0,37650.880000000005,5.0,3.2,40.04,0.0,37650.880000000005
C0475,B2C,Healthcare,South,2022-03-14,300902.95,Inactive,41.0,7.0,41039.899999999994,2.0,4.0,56.45,1.0,41039.899999999994
C0476,B2B,Retail,North,2021-01-20,494195.91,Inactive,44.0,5.0,31031.77,7.0,2.2857142857142856,45.6,2.0,31031.77
C0477,B2B,Finance,North,2024-11-22,122183.97,Active,69.0,5.0,23417.64,3.0,3.6666666666666665,34.26666666666667,1.0,23417.64
C0478,B2B,Healthcare,East,2025-02-05,190105.23,Active,546.0,3.0,21164.659999999996,3.0,2.3333333333333335,18.766666666666666,2.0,21164.659999999996
C0479,B2C,Manufacturing,South,2021-10-08,43521.69,Active,289.0,3.0,29725.82,3.0,2.3333333333333335,20.133333333333336,1.0,29725.82
C0480,B2B,Finance,East,2024-06-03,363991.69,Active,32.0,2.0,21891.89,2.0,3.0,34.75,0.0,21891.89
C0481,B2C,Manufacturing,North,2023-04-24,449330.54,Active,262.0,3.0,14474.35,4.0,3.25,37.7,0.0,14474.35
C0482,B2B,Technology,West,2025-03-22,182252.46,Inactive,248.0,3.0,15784.300000000001,5.0,3.0,40.239999999999995,3.0,15784.300000000001
C0483,B2B,Manufacturing,East,2022-10-07,325864.08,Active,236.0,6.0,38817.04,3.0,3.3333333333333335,8.9,1.0,38817.04
C0484,B2C,Healthcare,East,2024-02-08,110668.4,Active,84.0,4.0,10722.8,4.0,2.5,32.475,1.0,10722.8
C0485,B2C,Retail,North,2025-03-12,394062.78,Active,406.0,2.0,16046.82,7.0,3.7142857142857144,38.542857142857144,4.0,16046.82
C0486,B2C,Healthcare,South,2023-10-11,254795.45,Active,140.0,7.0,55088.32,4.0,3.5,39.75,0.0,55088.32
C0487,B2B,Retail,East,2023-12-18,74671.61,Inactive,29.0,3.0,24098.9,4.0,2.5,33.75,2.0,24098.9
C0488,B2B,Finance,North,2023-01-19,18177.81,Active,452.0,3.0,7514.709999999999,1.0,3.0,6.4,1.0,7514.709999999999
C0489,B2C,Manufacturing,North,2021-01-29,462063.85,Inactive,67.0,5.0,15392.73,5.0,4.0,28.839999999999996,2.0,15392.73
C0490,B2C,Technology,West,2023-11-04,217551.87,Inactive,106.0,8.0,82802.81,5.0,3.2,32.18,0.0,82802.81
C0491,B2B,Retail,North,2021-06-18,161854.37,Active,50.0,4.0,27344.53,1.0,4.0,29.3,0.0,27344.53
C0492,B2B,Technology,East,2025-07-13,201458.44,Active,226.0,4.0,44131.88,1.0,3.0,30.0,1.0,44131.88
C0493,B2C,Manufacturing,North,2022-09-28,129795.08,Inactive,402.0,2.0,20211.07,3.0,1.3333333333333333,44.9,2.0,20211.07
C0494,B2C,Technology,North,2021-08-26,161552.13,Active,289.0,1.0,3854.53,4.0,3.75,45.925,2.0,3854.53
C0495,B2B,Manufacturing,North,2021-09-02,90277.99,Active,545.0,1.0,12254.08,3.0,2.6666666666666665,35.46666666666667,2.0,12254.08
C0496,B2C,Manufacturing,East,2023-12-08,72196.0,Active,903.0,1.0,4987.85,2.0,3.5,32.0,0.0,4987.85
C0497,B2B,Healthcare,East,2025-02-10,405482.84,Active,82.0,4.0,19277.44,3.0,2.3333333333333335,27.433333333333334,0.0,19277.44
C0498,B2B,Retail,North,2023-12-09,253112.31,Active,118.0,5.0,33284.37,4.0,3.25,52.15,0.0,33284.37
C0499,B2C,Technology,South,2021-04-24,190167.01,Active,64.0,4.0,26689.940000000002,2.0,2.0,17.9,1.0,26689.940000000002
C0500,B2B,Technology,North,2025-05-03,121918.17,Active,354.0,1.0,5811.78,5.0,3.4,47.64,2.0,5811.78
C0501,B2B,Manufacturing,North,2021-04-01,241164.65,Inactive,59.0,3.0,17866.93,5.0,2.2,41.82000000000001,2.0,17866.93
C0502,B2B,Healthcare,West,2021-11-04,120012.5,Active,605.0,2.0,18280.8,4.0,2.75,35.925,0.0,18280.8
C0503,B2C,Retail,North,2023-05-03,290052.62,Active,60.0,5.0,29229.649999999998,5.0,2.4,34.660000000000004,0.0,29229.649999999998
C0504,B2B,Manufacturing,South,2023-10-26,404125.63,Active,8.0,1.0,10057.53,5.0,2.4,42.44,1.0,10057.53
C0505,B2B,Finance,East,2023-04-02,389028.46,Active,466.0,5.0,39612.01,2.0,3.0,18.15,1.0,39612.01
C0506,B2B,Technology,West,2022-11-02,13904.9,Active,645.0,1.0,11584.35,2.0,1.5,6.35,1.0,11584.35
C0507,B2C,Technology,South,2022-08-21,237324.08,Inactive,339.0,4.0,27500.059999999998,1.0,2.0,45.2,0.0,27500.059999999998
C0508,B2B,Technology,South,2025-05-02,83777.52,Inactive,29.0,8.0,49909.49,2.0,3.5,15.7,0.0,49909.49
C0509,B2B,Technology,East,2021-02-18,321611.5,Active,44.0,9.0,62600.27,3.0,3.0,33.766666666666666,1.0,62600.27
C0510,B2B,Finance,East,2022-11-18,60935.02,Active,0.0,0.0,0.0,2.0,2.0,27.5,1.0,0.0
C0511,B2C,Healthcare,South,2023-05-10,358709.71,Active,649.0,2.0,13532.599999999999,8.0,3.0,43.1875,1.0,13532.599999999999
C0512,B2B,Technology,West,2021-03-31,353414.99,Active,559.0,4.0,21911.41,3.0,3.3333333333333335,44.36666666666667,1.0,21911.41
C0513,B2B,Technology,North,2023-07-28,257659.6,Inactive,113.0,6.0,42820.729999999996,1.0,4.0,34.7,0.0,42820.729999999996
C0514,B2B,Finance,South,2021-06-03,126018.15,Active,489.0,1.0,1517.5,3.0,2.6666666666666665,25.966666666666665,0.0,1517.5
C0515,B2C,Finance,East,2025-10-09,165848.28,Active,764.0,1.0,6022.33,4.0,3.25,54.55,1.0,6022.33
C0516,B2B,Manufacturing,South,2022-04-24,392169.12,Active,214.0,4.0,23458.91,4.0,2.75,38.599999999999994,0.0,23458.91
C0517,B2B,Manufacturing,West,2021-11-15,238367.01,Inactive,119.0,2.0,20559.739999999998,2.0,3.0,47.650000000000006,1.0,20559.739999999998
C0518,B2C,Manufacturing,West,2021-09-05,161070.78,Active,869.0,1.0,1578.97,4.0,3.75,25.325,1.0,1578.97
C0519,B2B,Healthcare,South,2025-10-12,405722.48,Active,395.0,3.0,23666.79,1.0,2.0,4.8,0.0,23666.79
C0520,B2B,Manufacturing,East,2025-08-20,82678.66,Active,5.0,7.0,40499.42,4.0,3.0,44.675,2.0,40499.42
C0521,B2C,Technology,North,2022-12-30,341819.85,Active,90.0,2.0,18901.67,3.0,3.6666666666666665,32.833333333333336,1.0,18901.67
C0522,B2B,Healthcare,West,2025-08-07,428754.64,Active,563.0,2.0,17103.2,2.0,1.5,57.2,1.0,17103.2
C0523,B2C,Healthcare,South,2021-07-13,69512.1,Active,670.0,2.0,12668.789999999999,3.0,2.3333333333333335,48.400000000000006,0.0,12668.789999999999
C0524,B2B,Manufacturing,South,2025-08-28,413599.97,Active,88.0,8.0,65862.73000000001,4.0,3.25,41.325,1.0,65862.73000000001
C0525,B2B,Technology,East,2024-11-06,459540.0,Active,179.0,1.0,11953.39,2.0,3.0,41.45,0.0,11953.39
C0526,B2B,Manufacturing,West,2021-02-14,406556.35,Active,26.0,4.0,31842.679999999997,3.0,3.6666666666666665,27.0,0.0,31842.679999999997
C0527,B2C,Healthcare,North,2025-10-02,471717.52,Active,187.0,2.0,14566.84,0.0,0.0,0.0,0.0,14566.84
C0528,B2C,Finance,West,2021-12-11,24446.32,Inactive,519.0,2.0,15480.05,3.0,1.3333333333333333,32.266666666666666,0.0,15480.05
C0529,B2C,Manufacturing,South,2021-12-20,144741.07,Inactive,184.0,5.0,30400.06,3.0,3.0,37.23333333333333,0.0,30400.06
C0530,B2B,Technology,South,2021-11-01,327166.42,Inactive,31.0,2.0,18507.46,2.0,3.0,8.15,1.0,18507.46
C0531,B2C,Healthcare,North,2023-04-24,147090.23,Active,42.0,1.0,4897.52,2.0,3.0,58.55,1.0,4897.52
C0532,B2B,Technology,South,2023-05-09,319069.65,Active,86.0,5.0,25454.91,2.0,3.5,31.65,1.0,25454.91
C0533,B2C,Finance,West,2023-02-23,178576.72,Active,97.0,3.0,14514.84,3.0,3.3333333333333335,43.43333333333334,0.0,14514.84
C0534,B2C,Manufacturing,North,2023-03-07,166250.01,Active,202.0,5.0,30253.699999999997,4.0,2.75,41.575,1.0,30253.699999999997
C0535,B2C,Healthcare,West,2021-03-02,269421.82,Active,30.0,8.0,39896.8,2.0,4.0,37.1,1.0,39896.8
C0536,B2B,Manufacturing,South,2021-11-23,140598.23,Active,84.0,9.0,77741.53,2.0,2.5,31.8,0.0,77741.53
C0537,B2B,Technology,West,2025-04-14,183854.27,Active,676.0,2.0,10110.64,1.0,5.0,14.4,0.0,10110.64
C0538,B2B,Technology,East,2021-12-27,405043.01,Active,427.0,2.0,13104.54,2.0,3.5,37.2,2.0,13104.54
C0539,B2B,Retail,South,2024-04-26,285923.36,Active,266.0,3.0,7718.120000000001,3.0,3.0,11.6,1.0,7718.120000000001
C0540,B2C,Technology,East,2025-09-10,96022.82,Active,251.0,4.0,27797.579999999998,2.0,3.0,52.349999999999994,1.0,27797.579999999998
C0541,B2B,Manufacturing,South,2021-07-04,19764.72,Inactive,0.0,0.0,0.0,2.0,3.0,20.650000000000002,1.0,0.0
C0542,B2C,Technology,South,2021-01-02,405158.25,Active,245.0,4.0,32567.809999999998,4.0,3.25,23.6,2.0,32567.809999999998
C0543,B2B,Retail,North,2025-01-08,20737.32,Active,600.0,2.0,17476.68,3.0,4.0,44.63333333333333,1.0,17476.68
C0544,B2B,Technology,East,2025-05-05,480673.79,Active,366.0,2.0,24289.15,4.0,2.5,27.75,0.0,24289.15
C0545,B2C,Technology,North,2024-12-13,174914.92,Active,62.0,4.0,16486.989999999998,5.0,3.2,26.619999999999997,1.0,16486.989999999998
C0546,B2B,Finance,West,2021-10-07,328098.33,Active,324.0,2.0,13165.92,1.0,3.0,54.9,1.0,13165.92
C0547,B2C,Manufacturing,South,2024-12-19,195408.21,Active,172.0,4.0,19196.04,2.0,2.5,43.65,0.0,19196.04
C0548,B2B,Healthcare,West,2021-09-18,426870.91,Active,8.0,3.0,23776.18,3.0,3.6666666666666665,6.433333333333334,0.0,23776.18
C0549,B2C,Technology,South,2022-01-08,323426.92,Active,0.0,8.0,49416.94,1.0,2.0,4.6,1.0,49416.94
C0550,B2B,Retail,North,2023-10-14,126618.0,Active,163.0,4.0,29398.79,0.0,0.0,0.0,0.0,29398.79
C0551,B2B,Retail,West,2021-12-10,15583.85,Active,388.0,2.0,11600.96,4.0,3.5,43.45,1.0,11600.96
C0552,B2B,Retail,East,2022-05-27,395639.8,Active,0.0,0.0,0.0,1.0,4.0,54.4,1.0,0.0
C0553,B2C,Finance,West,2021-04-09,484859.89,Inactive,14.0,7.0,68100.33,3.0,3.0,15.666666666666666,0.0,68100.33
C0554,B2C,Retail,West,2023-10-07,59699.99,Inactive,730.0,1.0,11278.7,0.0,0.0,0.0,0.0,11278.7
C0555,B2B,Manufacturing,West,2025-06-04,46117.6,Active,39.0,5.0,29985.11,1.0,2.0,9.0,1.0,29985.11
C0556,B2B,Retail,East,2022-08-27,476314.44,Active,600.0,2.0,9037.11,2.0,2.5,37.55,0.0,9037.11
C0557,B2B,Finance,South,2022-12-02,368672.69,Active,124.0,3.0,25653.75,3.0,4.333333333333333,22.53333333333333,2.0,25653.75
C0558,B2C,Healthcare,West,2022-11-24,471796.71,Active,27.0,5.0,29471.41,2.0,3.0,19.400000000000002,0.0,29471.41
C0559,B2C,Manufacturing,North,2024-05-28,59616.33,Active,123.0,5.0,33901.49,1.0,4.0,43.9,0.0,33901.49
C0560,B2C,Technology,East,2022-01-25,333692.97,Active,83.0,1.0,672.2,3.0,2.3333333333333335,24.099999999999998,1.0,672.2
C0561,B2B,Healthcare,West,2022-05-02,290167.21,Inactive,116.0,2.0,12405.91,2.0,2.0,45.8,0.0,12405.91
C0562,B2B,Retail,North,2021-11-11,219526.92,Active,298.0,2.0,21452.629999999997,2.0,4.5,32.35,1.0,21452.629999999997
C0563,B2C,Manufacturing,North,2025-08-15,22610.49,Active,727.0,2.0,17776.22,5.0,3.0,22.04,0.0,17776.22
C0564,B2C,Healthcare,West,2024-07-31,423446.85,Active,60.0,4.0,22297.35,2.0,3.5,54.75,0.0,22297.35
C0565,B2C,Finance,West,2025-05-27,448489.97,Active,197.0,5.0,31788.149999999998,2.0,2.5,7.75,0.0,31788.149999999998
C0566,B2C,Manufacturing,East,2021-07-06,443891.42,Active,166.0,3.0,18525.37,3.0,2.3333333333333335,44.633333333333326,2.0,18525.37
C0567,B2C,Healthcare,East,2022-01-18,225472.81,Active,84.0,3.0,17715.7,6.0,3.8333333333333335,45.28333333333333,2.0,17715.7
C0568,B2C,Technology,North,2022-04-09,84054.03,Active,30.0,3.0,6267.139999999999,4.0,4.0,35.05,3.0,6267.139999999999
C0569,B2C,Technology,West,2021-06-25,485645.71,Active,154.0,2.0,8870.54,6.0,3.1666666666666665,53.916666666666664,2.0,8870.54
C0570,B2B,Finance,West,2024-02-08,483157.57,Inactive,214.0,3.0,15891.41,4.0,2.5,21.35,3.0,15891.41
C0571,B2B,Finance,East,2024-03-18,48687.97,Active,281.0,6.0,32229.77,2.0,1.5,52.25,0.0,32229.77
C0572,B2B,Healthcare,West,2023-10-26,94710.7,Active,788.0,1.0,7291.06,3.0,3.3333333333333335,52.0,0.0,7291.06
C0573,B2B,Manufacturing,North,2022-03-10,217453.7,Inactive,313.0,3.0,20652.79,2.0,3.5,23.35,0.0,20652.79
C0574,B2B,Technology,East,2022-02-18,166677.25,Active,26.0,4.0,35135.91,4.0,3.75,20.65,1.0,35135.91
C0575,B2C,Technology,West,2021-06-28,280506.55,Active,575.0,5.0,27677.97,3.0,4.0,25.7,2.0,27677.97
C0576,B2C,Healthcare,West,2023-12-01,65134.23,Active,170.0,5.0,46686.979999999996,2.0,5.0,19.099999999999998,0.0,46686.979999999996
C0577,B2B,Healthcare,North,2021-10-31,395015.36,Active,548.0,2.0,5493.13,1.0,4.0,36.9,0.0,5493.13
C0578,B2C,Retail,West,2025-12-03,330845.96,Inactive,152.0,3.0,14109.52,2.0,5.0,35.400000000000006,0.0,14109.52
C0579,B2B,Retail,West,2021-03-18,80487.81,Inactive,399.0,2.0,11305.029999999999,2.0,1.5,17.8,1.0,11305.029999999999
C0580,B2C,Retail,South,2021-03-21,34152.58,Inactive,85.0,2.0,18705.68,3.0,3.3333333333333335,24.633333333333336,2.0,18705.68
C0581,B2C,Healthcare,East,2022-07-05,410519.1,Active,50.0,3.0,14280.11,1.0,1.0,68.6,0.0,14280.11
C0582,B2C,Finance,North,2022-09-29,486523.35,Active,355.0,3.0,16554.05,6.0,3.0,24.38333333333333,1.0,16554.05
C0583,B2C,Finance,East,2021-10-03,142015.79,Inactive,0.0,0.0,0.0,2.0,1.0,64.4,0.0,0.0
C0584,B2B,Manufacturing,West,2024-05-23,113581.35,Inactive,362.0,2.0,7168.63,4.0,1.75,48.05,1.0,7168.63
C0585,B2C,Technology,East,2025-02-26,412298.52,Active,142.0,2.0,13518.95,5.0,3.0,25.979999999999997,1.0,13518.95
C0586,B2C,Technology,West,2021-05-15,76468.41,Active,710.0,3.0,21452.61,2.0,3.0,34.75,0.0,21452.61
C0587,B2B,Manufacturing,North,2021-12-22,132250.23,Inactive,31.0,5.0,33958.99,1.0,5.0,46.7,0.0,33958.99
C0588,B2C,Manufacturing,East,2021-04-14,190492.44,Inactive,580.0,4.0,50957.45,5.0,1.8,41.82,2.0,50957.45
C0589,B2C,Healthcare,North,2023-11-01,128549.67,Inactive,189.0,3.0,28553.25,3.0,3.6666666666666665,47.96666666666667,1.0,28553.25
C0590,B2C,Manufacturing,West,2024-05-01,297571.32,Active,14.0,5.0,34752.76,2.0,2.0,62.3,0.0,34752.76
C0591,B2B,Retail,North,2022-12-07,149683.99,Inactive,175.0,3.0,9868.89,3.0,3.0,39.06666666666667,2.0,9868.89
C0592,B2B,Technology,South,2021-04-12,429984.48,Active,193.0,5.0,41529.13,4.0,3.0,30.575,3.0,41529.13
C0593,B2B,Retail,West,2024-10-19,261507.8,Active,414.0,1.0,2353.6,2.0,2.5,57.15,1.0,2353.6
C0594,B2B,Manufacturing,North,2023-08-29,119647.32,Active,323.0,4.0,41827.7,5.0,3.6,37.38,0.0,41827.7
C0595,B2C,Finance,West,2024-12-30,427277.22,Inactive,550.0,3.0,18116.8,4.0,2.0,37.4,1.0,18116.8
C0596,B2B,Finance,East,2022-06-01,341826.12,Inactive,129.0,1.0,7672.61,2.0,2.5,61.35,2.0,7672.61
C0597,B2B,Healthcare,East,2024-04-12,285113.99,Active,302.0,5.0,32776.37,4.0,2.5,52.599999999999994,1.0,32776.37
C0598,B2B,Finance,North,2022-09-04,174778.99,Active,170.0,3.0,19963.14,5.0,2.8,18.7,0.0,19963.14
C0599,B2C,Retail,East,2024-08-04,331498.61,Active,50.0,2.0,10967.59,3.0,2.3333333333333335,22.866666666666664,0.0,10967.59
C0600,B2B,Technology,South,2022-01-21,450846.65,Inactive,128.0,2.0,27094.010000000002,1.0,5.0,1.2,0.0,27094.010000000002
C0601,B2C,Manufacturing,North,2024-09-14,331146.28,Active,108.0,6.0,39722.91,3.0,3.0,38.9,0.0,39722.91
C0602,B2C,Finance,West,2022-06-16,370998.73,Active,204.0,5.0,26471.37,2.0,4.0,18.75,1.0,26471.37
C0603,B2B,Technology,West,2022-12-04,454197.99,Active,236.0,7.0,41791.5,2.0,2.0,33.949999999999996,1.0,41791.5
C0604,B2C,Manufacturing,South,2023-11-05,153954.19,Inactive,309.0,2.0,9705.07,2.0,4.5,42.25,0.0,9705.07
C0605,B2C,Technology,South,2021-09-20,473992.46,Active,49.0,4.0,20375.68,2.0,1.5,38.9,0.0,20375.68
C0606,B2B,Manufacturing,East,2024-09-02,119430.68,Active,380.0,3.0,19053.49,2.0,3.5,32.15,0.0,19053.49
C0607,B2C,Retail,East,2023-05-12,296929.64,Inactive,16.0,4.0,29191.29,5.0,3.0,47.88,3.0,29191.29
C0608,B2B,Finance,North,2025-10-10,434532.75,Active,222.0,3.0,22179.44,4.0,3.0,56.150000000000006,1.0,22179.44
C0609,B2B,Technology,North,2023-08-26,435073.9,Inactive,11.0,5.0,34326.71,3.0,2.3333333333333335,18.233333333333334,2.0,34326.71
C0610,B2C,Finance,North,2023-12-22,436716.08,Active,135.0,2.0,17777.5,4.0,3.0,42.6,1.0,17777.5
C0611,B2B,Retail,West,2021-10-09,493723.88,Inactive,344.0,2.0,28033.33,3.0,2.3333333333333335,14.433333333333332,1.0,28033.33
C0612,B2C,Manufacturing,North,2021-10-21,248914.61,Active,393.0,4.0,33546.659999999996,0.0,0.0,0.0,0.0,33546.659999999996
C0613,B2B,Healthcare,West,2022-10-04,144028.65,Active,184.0,4.0,33490.16,4.0,2.75,46.875,1.0,33490.16
C0614,B2B,Finance,North,2024-03-26,73408.92,Inactive,2.0,5.0,30670.94,3.0,3.0,31.966666666666665,2.0,30670.94
C0615,B2C,Finance,West,2024-07-21,483010.64,Inactive,254.0,7.0,58890.11,5.0,4.0,32.480000000000004,1.0,58890.11
C0616,B2B,Technology,South,2021-01-10,368022.94,Active,145.0,7.0,29123.07,2.0,4.5,19.2,1.0,29123.07
C0617,B2B,Healthcare,North,2022-10-22,317076.6,Active,48.0,6.0,39940.71,3.0,2.6666666666666665,55.1,1.0,39940.71
C0618,B2C,Retail,South,2022-04-09,60327.03,Active,577.0,1.0,6789.61,5.0,2.6,29.82,1.0,6789.61
C0619,B2B,Healthcare,East,2021-12-09,474747.05,Inactive,192.0,3.0,30797.27,6.0,3.3333333333333335,48.26666666666667,3.0,30797.27
C0620,B2C,Finance,South,2025-01-30,177939.09,Inactive,605.0,2.0,14772.98,1.0,4.0,4.2,0.0,14772.98
C0621,B2B,Manufacturing,West,2023-01-06,19371.12,Active,288.0,5.0,26240.45,4.0,2.75,35.775,3.0,26240.45
C0622,B2B,Manufacturing,North,2025-01-29,298949.49,Active,53.0,7.0,39677.0,2.0,2.5,43.65,2.0,39677.0
C0623,B2C,Healthcare,West,2021-09-10,439506.63,Active,0.0,0.0,0.0,2.0,2.5,48.8,0.0,0.0
C0624,B2B,Technology,North,2025-04-29,334365.26,Active,107.0,2.0,14993.18,1.0,2.0,55.8,0.0,14993.18
C0625,B2B,Finance,West,2021-04-09,196324.34,Active,158.0,8.0,50300.47,2.0,2.0,16.3,0.0,50300.47
C0626,B2B,Manufacturing,North,2023-08-30,157547.06,Active,77.0,4.0,28389.08,2.0,2.0,27.25,0.0,28389.08
C0627,B2C,Technology,South,2024-09-18,215224.62,Active,488.0,3.0,28866.13,6.0,3.0,44.28333333333333,2.0,28866.13
C0628,B2B,Retail,North,2023-11-14,394532.43,Inactive,305.0,4.0,28039.03,3.0,3.3333333333333335,37.53333333333333,0.0,28039.03
C0629,B2B,Retail,South,2022-02-11,185381.7,Inactive,547.0,2.0,22416.77,2.0,2.5,57.7,1.0,22416.77
C0630,B2B,Healthcare,West,2022-08-28,456074.75,Inactive,215.0,3.0,16779.09,1.0,5.0,15.3,0.0,16779.09
C0631,B2B,Healthcare,North,2022-11-09,339100.23,Active,638.0,1.0,5313.99,4.0,2.75,14.875,0.0,5313.99
C0632,B2C,Manufacturing,North,2025-09-07,391967.85,Active,629.0,3.0,12708.869999999999,2.0,3.5,40.85,0.0,12708.869999999999
C0633,B2B,Retail,South,2025-01-21,233808.11,Active,0.0,0.0,0.0,5.0,2.8,33.54,1.0,0.0
C0634,B2C,Healthcare,North,2022-06-25,408457.42,Active,346.0,6.0,45368.46,5.0,3.6,55.36,1.0,45368.46
C0635,B2C,Retail,East,2025-10-12,218737.65,Active,1.0,4.0,29704.699999999997,4.0,1.75,53.625,2.0,29704.699999999997
C0636,B2B,Healthcare,South,2021-07-14,335043.96,Active,254.0,3.0,15499.57,3.0,2.0,22.099999999999998,0.0,15499.57
C0637,B2C,Finance,East,2022-11-05,440453.01,Active,119.0,3.0,20045.129999999997,0.0,0.0,0.0,0.0,20045.129999999997
C0638,B2C,Manufacturing,North,2023-02-03,206380.98,Inactive,43.0,1.0,8961.91,1.0,3.0,23.0,0.0,8961.91
C0639,B2C,Finance,West,2022-07-11,327934.78,Active,177.0,5.0,34335.61,2.0,5.0,32.4,0.0,34335.61
C0640,B2B,Healthcare,South,2021-08-20,60819.42,Inactive,213.0,5.0,34344.42,2.0,2.0,32.25,0.0,34344.42
C0641,B2C,Manufacturing,West,2025-07-02,391790.5,Active,26.0,3.0,13909.789999999999,1.0,1.0,50.7,1.0,13909.789999999999
C0642,B2B,Finance,West,2025-11-02,65339.36,Inactive,81.0,4.0,17146.09,2.0,1.5,4.7,0.0,17146.09
C0643,B2B,Healthcare,East,2023-06-22,330937.05,Active,251.0,2.0,31614.629999999997,6.0,2.5,40.699999999999996,1.0,31614.629999999997
C0644,B2B,Retail,North,2024-12-13,222095.47,Active,215.0,5.0,28843.12,2.0,3.0,52.3,0.0,28843.12
C0645,B2C,Finance,South,2023-09-14,421126.18,Active,82.0,2.0,15124.99,3.0,3.6666666666666665,32.03333333333333,1.0,15124.99
C0646,B2B,Technology,West,2021-01-24,427416.86,Active,100.0,4.0,22803.729999999996,1.0,4.0,18.3,0.0,22803.729999999996
C0647,B2C,Retail,South,2021-06-03,172138.47,Active,107.0,6.0,23716.53,3.0,2.3333333333333335,31.099999999999998,0.0,23716.53
C0648,B2B,Technology,West,2021-04-14,207605.73,Active,410.0,3.0,6987.07,5.0,2.6,42.339999999999996,1.0,6987.07
C0649,B2C,Finance,West,2021-06-11,53129.73,Inactive,393.0,2.0,23122.480000000003,2.0,2.5,58.75,1.0,23122.480000000003
C0650,B2C,Healthcare,West,2023-07-05,375167.09,Active,2.0,6.0,42064.19,3.0,2.6666666666666665,45.4,2.0,42064.19
C0651,B2C,Finance,North,2021-07-30,282994.2,Active,771.0,2.0,20971.02,2.0,3.0,53.8,0.0,20971.02
C0652,B2B,Technology,East,2025-08-19,446154.34,Active,218.0,5.0,23291.79,2.0,4.0,8.55,0.0,23291.79
C0653,B2C,Retail,East,2024-09-02,414402.39,Active,447.0,1.0,2071.72,2.0,3.5,54.55,0.0,2071.72
C0654,B2C,Retail,West,2025-09-26,361162.45,Active,358.0,2.0,8656.51,4.0,2.25,36.05,1.0,8656.51
C0655,B2C,Healthcare,North,2025-01-06,382066.78,Active,183.0,2.0,21327.7,1.0,4.0,33.2,0.0,21327.7
C0656,B2C,Retail,East,2021-01-05,278368.39,Active,188.0,1.0,9283.98,4.0,2.75,22.9,1.0,9283.98
C0657,B2B,Healthcare,South,2024-12-08,251286.85,Inactive,160.0,2.0,15983.359999999999,5.0,3.2,40.42,2.0,15983.359999999999
C0658,B2C,Technology,South,2021-08-08,101896.27,Inactive,50.0,3.0,19305.47,2.0,3.5,59.0,0.0,19305.47
C0659,B2C,Manufacturing,East,2022-03-18,62805.22,Inactive,262.0,2.0,8226.98,6.0,3.3333333333333335,35.15,1.0,8226.98
C0660,B2B,Finance,West,2021-04-06,332643.78,Active,37.0,3.0,12269.03,2.0,2.0,29.900000000000002,0.0,12269.03
C0661,B2B,Technology,North,2023-10-19,281080.9,Inactive,95.0,3.0,24017.47,2.0,3.0,36.25,0.0,24017.47
C0662,B2C,Technology,South,2025-09-14,348990.68,Active,124.0,4.0,13725.349999999999,2.0,2.5,7.25,0.0,13725.349999999999
C0663,B2B,Healthcare,West,2025-02-05,332185.69,Active,113.0,3.0,12874.32,0.0,0.0,0.0,0.0,12874.32
C0664,B2C,Finance,South,2023-10-30,144061.98,Active,35.0,6.0,30178.02,1.0,5.0,6.8,0.0,30178.02
C0665,B2C,Manufacturing,South,2022-08-26,212245.28,Active,78.0,5.0,34879.79,4.0,4.0,48.3,2.0,34879.79
C0666,B2C,Technology,South,2025-09-23,108435.65,Active,460.0,4.0,32547.89,3.0,2.0,10.0,1.0,32547.89
C0667,B2C,Manufacturing,South,2024-11-07,256907.79,Active,258.0,2.0,15774.84,3.0,3.6666666666666665,41.03333333333333,0.0,15774.84
C0668,B2B,Retail,West,2024-12-25,295575.07,Inactive,147.0,4.0,35354.43,3.0,2.6666666666666665,49.400000000000006,1.0,35354.43
C0669,B2C,Finance,North,2024-10-12,266137.69,Active,767.0,1.0,3922.15,3.0,2.0,23.53333333333333,0.0,3922.15
C0670,B2B,Healthcare,North,2023-02-20,107952.18,Active,23.0,6.0,39493.72,4.0,2.75,53.675,0.0,39493.72
C0671,B2C,Manufacturing,North,2022-08-10,348391.48,Active,24.0,4.0,26163.55,4.0,2.5,47.725,2.0,26163.55
C0672,B2B,Retail,West,2022-02-22,60215.2,Active,638.0,1.0,6602.22,3.0,1.6666666666666667,36.333333333333336,2.0,6602.22
C0673,B2C,Manufacturing,East,2025-03-01,349538.68,Active,457.0,4.0,20534.829999999998,8.0,1.875,36.2125,3.0,20534.829999999998
C0674,B2C,Finance,East,2023-02-21,483258.27,Active,271.0,6.0,31270.89,5.0,3.2,37.160000000000004,1.0,31270.89
C0675,B2C,Manufacturing,West,2021-01-27,416691.91,Active,82.0,7.0,50844.96,3.0,4.333333333333333,21.933333333333334,1.0,50844.96
C0676,B2B,Manufacturing,East,2025-03-27,229919.31,Active,406.0,3.0,26055.22,3.0,3.0,65.5,1.0,26055.22
C0677,B2B,Technology,North,2022-01-18,194827.13,Inactive,258.0,4.0,24819.05,2.0,1.5,35.5,0.0,24819.05
C0678,B2C,Manufacturing,South,2022-07-26,296153.17,Active,3.0,2.0,17632.7,3.0,4.0,53.1,1.0,17632.7
C0679,B2C,Finance,South,2021-01-12,29570.89,Active,102.0,6.0,58106.39,2.0,4.0,40.2,1.0,58106.39
C0680,B2B,Technology,East,2024-05-07,250369.96,Active,44.0,5.0,20309.85,6.0,3.0,25.599999999999998,2.0,20309.85
C0681,B2C,Technology,South,2021-05-30,478923.98,Active,281.0,6.0,36035.68,4.0,2.5,18.775,0.0,36035.68
C0682,B2B,Finance,West,2025-05-30,55053.32,Active,30.0,4.0,37656.49,8.0,3.25,28.737499999999997,2.0,37656.49
C0683,B2C,Retail,East,2022-03-13,153851.44,Inactive,60.0,5.0,12655.38,5.0,3.8,41.04,0.0,12655.38
C0684,B2B,Healthcare,East,2024-02-24,228376.95,Active,83.0,6.0,44588.2,0.0,0.0,0.0,0.0,44588.2
C0685,B2C,Finance,North,2021-03-23,199079.21,Active,373.0,4.0,17951.06,3.0,3.3333333333333335,30.566666666666666,2.0,17951.06
C0686,B2C,Technology,West,2021-02-20,248534.31,Active,72.0,3.0,6246.97,4.0,2.25,16.075,1.0,6246.97
C0687,B2B,Retail,North,2024-08-27,474623.79,Active,0.0,0.0,0.0,2.0,1.5,45.0,1.0,0.0
C0688,B2B,Healthcare,South,2025-05-03,338464.21,Active,5.0,5.0,27654.97,3.0,2.6666666666666665,44.166666666666664,1.0,27654.97
C0689,B2C,Healthcare,South,2025-11-07,273499.56,Inactive,31.0,1.0,7645.99,4.0,3.25,47.15,0.0,7645.99
C0690,B2B,Manufacturing,North,2024-08-17,235020.37,Active,18.0,6.0,36149.75,5.0,2.6,36.64,1.0,36149.75
C0691,B2B,Healthcare,North,2021-03-19,97216.16,Active,208.0,4.0,14247.95,4.0,2.5,40.525,0.0,14247.95
C0692,B2B,Technology,South,2024-02-17,456383.42,Inactive,602.0,1.0,5804.32,1.0,3.0,47.3,0.0,5804.32
C0693,B2C,Finance,West,2023-03-06,165038.08,Inactive,422.0,3.0,14165.96,5.0,3.2,23.7,2.0,14165.96
C0694,B2B,Technology,North,2024-10-10,324297.15,Active,352.0,2.0,10607.75,2.0,1.0,26.549999999999997,2.0,10607.75
C0695,B2B,Healthcare,East,2025-03-29,464743.4,Active,482.0,4.0,29312.09,0.0,0.0,0.0,0.0,29312.09
C0696,B2C,Technology,North,2022-08-17,147943.55,Inactive,139.0,2.0,20004.14,8.0,2.25,34.0375,0.0,20004.14
C0697,B2C,Healthcare,West,2023-02-21,86598.5,Active,45.0,4.0,33170.509999999995,3.0,3.6666666666666665,27.5,0.0,33170.509999999995
C0698,B2C,Technology,East,2021-10-07,480465.79,Active,278.0,5.0,38621.89,3.0,4.0,37.46666666666667,0.0,38621.89
C0699,B2C,Healthcare,South,2022-09-03,70385.23,Active,888.0,3.0,13454.19,5.0,3.0,31.619999999999997,1.0,13454.19
C0700,B2C,Technology,North,2024-03-18,159298.66,Active,0.0,0.0,0.0,4.0,3.25,38.975,2.0,0.0
C0701,B2C,Technology,South,2022-03-10,88867.64,Active,231.0,7.0,25775.989999999998,4.0,2.0,30.375,0.0,25775.989999999998
C0702,B2C,Manufacturing,North,2024-06-17,98865.41,Active,51.0,8.0,57785.83,2.0,3.5,61.2,0.0,57785.83
C0703,B2C,Technology,North,2025-10-10,152419.81,Active,398.0,3.0,13050.04,6.0,3.0,34.86666666666667,2.0,13050.04
C0704,B2B,Manufacturing,West,2022-05-29,476254.55,Active,180.0,3.0,20004.89,0.0,0.0,0.0,0.0,20004.89
C0705,B2B,Healthcare,East,2021-09-20,313562.73,Active,144.0,1.0,5719.7,1.0,1.0,23.2,1.0,5719.7
C0706,B2C,Finance,East,2022-10-13,312007.79,Active,28.0,5.0,35213.96,2.0,3.5,54.9,1.0,35213.96
C0707,B2B,Technology,East,2024-11-21,405772.88,Inactive,180.0,6.0,33573.07,2.0,2.0,26.0,0.0,33573.07
C0708,B2B,Retail,South,2021-12-12,394973.45,Inactive,405.0,3.0,21266.58,4.0,4.5,44.275,1.0,21266.58
C0709,B2C,Manufacturing,East,2022-07-21,440164.06,Inactive,498.0,4.0,33122.04,2.0,3.0,43.4,0.0,33122.04
C0710,B2C,Retail,West,2023-07-02,280319.19,Active,835.0,3.0,12491.39,4.0,2.5,64.25,0.0,12491.39
C0711,B2B,Retail,South,2024-08-15,446735.55,Active,255.0,3.0,28699.52,5.0,3.6,22.380000000000003,1.0,28699.52
C0712,B2B,Healthcare,North,2022-06-24,426297.76,Active,128.0,7.0,74121.49,1.0,4.0,31.0,1.0,74121.49
C0713,B2C,Technology,South,2025-07-23,454088.75,Active,36.0,1.0,1669.89,0.0,0.0,0.0,0.0,1669.89
C0714,B2C,Manufacturing,East,2024-01-19,202324.19,Active,276.0,4.0,25966.97,8.0,3.25,26.3125,1.0,25966.97
C0715,B2C,Technology,North,2021-10-02,204424.73,Active,176.0,6.0,43152.89,4.0,3.75,39.875,2.0,43152.89
C0716,B2B,Technology,South,2024-09-19,381030.97,Active,64.0,6.0,28128.69,1.0,4.0,41.5,0.0,28128.69
C0717,B2B,Manufacturing,South,2023-07-03,370600.71,Inactive,778.0,2.0,3334.12,3.0,3.0,44.166666666666664,0.0,3334.12
C0718,B2B,Manufacturing,West,2023-01-05,123557.45,Active,4.0,2.0,5907.68,5.0,3.4,44.22,0.0,5907.68
C0719,B2B,Healthcare,South,2023-01-27,263763.76,Active,6.0,5.0,28820.47,1.0,2.0,38.4,1.0,28820.47
C0720,B2C,Finance,North,2023-03-06,29553.3,Active,309.0,2.0,20241.71,3.0,3.3333333333333335,15.233333333333334,1.0,20241.71
C0721,B2C,Retail,South,2021-07-31,194563.19,Inactive,472.0,4.0,23868.190000000002,3.0,2.6666666666666665,49.23333333333333,2.0,23868.190000000002
C0722,B2B,Technology,East,2023-01-19,194401.1,Active,132.0,4.0,15891.54,2.0,4.0,57.3,0.0,15891.54
C0723,B2C,Retail,East,2023-11-24,248562.17,Inactive,219.0,7.0,38241.16,3.0,3.0,24.900000000000002,2.0,38241.16
C0724,B2B,Technology,South,2024-05-22,225550.36,Active,146.0,5.0,38752.56,0.0,0.0,0.0,0.0,38752.56
C0725,B2C,Manufacturing,South,2021-06-07,101583.78,Active,216.0,4.0,15077.6,2.0,2.5,39.5,0.0,15077.6
C0726,B2B,Manufacturing,West,2024-05-17,407474.59,Active,247.0,7.0,63127.81,7.0,4.0,36.01428571428571,3.0,63127.81
C0727,B2C,Finance,South,2023-09-14,299487.54,Inactive,17.0,2.0,11939.82,2.0,2.5,60.050000000000004,0.0,11939.82
C0728,B2B,Healthcare,South,2021-02-15,291008.39,Active,89.0,6.0,47153.35,3.0,3.0,54.166666666666664,0.0,47153.35
C0729,B2B,Technology,South,2021-10-03,37396.88,Active,310.0,3.0,17599.09,3.0,2.3333333333333335,49.366666666666674,0.0,17599.09
C0730,B2C,Technology,North,2022-01-04,440469.4,Active,228.0,5.0,35844.82,1.0,5.0,17.4,0.0,35844.82
C0731,B2B,Finance,West,2021-06-25,434978.18,Active,287.0,1.0,8259.08,3.0,2.6666666666666665,18.566666666666666,0.0,8259.08
C0732,B2C,Technology,South,2022-03-26,399361.87,Active,203.0,2.0,24800.55,0.0,0.0,0.0,0.0,24800.55
C0733,B2C,Manufacturing,East,2024-06-30,461952.45,Active,326.0,5.0,38840.16,1.0,5.0,55.7,1.0,38840.16
C0734,B2C,Finance,South,2022-04-16,63199.36,Active,151.0,2.0,11722.230000000001,0.0,0.0,0.0,0.0,11722.230000000001
C0735,B2C,Manufacturing,North,2023-12-07,96936.87,Active,62.0,3.0,10165.01,5.0,3.6,37.339999999999996,1.0,10165.01
C0736,B2B,Healthcare,West,2025-12-03,333102.38,Active,272.0,2.0,19981.93,2.0,2.5,56.7,1.0,19981.93
C0737,B2C,Technology,West,2025-05-06,191484.95,Active,121.0,4.0,23456.38,3.0,3.3333333333333335,42.36666666666667,0.0,23456.38
C0738,B2C,Manufacturing,West,2024-11-29,396882.24,Inactive,277.0,6.0,39076.73,3.0,2.3333333333333335,45.73333333333333,0.0,39076.73
C0739,B2B,Finance,South,2022-12-19,134713.83,Active,377.0,2.0,23342.48,5.0,3.8,47.519999999999996,0.0,23342.48
C0740,B2B,Retail,West,2025-10-26,136324.44,Active,4.0,7.0,51311.62,1.0,5.0,49.7,0.0,51311.62
C0741,B2B,Technology,North,2024-12-23,264683.3,Inactive,192.0,3.0,23582.03,5.0,3.4,33.4,2.0,23582.03
C0742,B2B,Retail,West,2024-09-02,187512.2,Active,498.0,3.0,17163.739999999998,0.0,0.0,0.0,0.0,17163.739999999998
C0743,B2C,Retail,West,2023-05-23,286688.42,Active,187.0,3.0,13580.27,1.0,1.0,21.0,0.0,13580.27
C0744,B2C,Manufacturing,West,2024-10-25,280531.42,Inactive,84.0,3.0,16761.44,1.0,2.0,49.4,0.0,16761.44
C0745,B2C,Technology,West,2022-01-02,134351.05,Active,161.0,2.0,22366.809999999998,7.0,2.857142857142857,55.08571428571429,2.0,22366.809999999998
C0746,B2C,Finance,South,2024-03-29,428949.47,Active,26.0,3.0,15134.29,3.0,3.6666666666666665,32.63333333333333,1.0,15134.29
C0747,B2B,Finance,South,2025-03-12,59136.52,Inactive,115.0,3.0,24252.11,3.0,3.6666666666666665,44.36666666666667,0.0,24252.11
C0748,B2C,Technology,North,2025-05-29,88761.62,Active,23.0,5.0,33877.01,1.0,5.0,59.0,0.0,33877.01
C0749,B2B,Manufacturing,West,2025-07-06,463672.28,Inactive,330.0,5.0,24427.79,0.0,0.0,0.0,0.0,24427.79
C0750,B2B,Retail,South,2021-06-30,191709.21,Active,425.0,6.0,51829.51,0.0,0.0,0.0,0.0,51829.51
C0751,B2C,Finance,East,2025-01-23,358686.86,Active,220.0,3.0,31095.64,3.0,2.3333333333333335,53.833333333333336,1.0,31095.64
C0752,B2B,Finance,West,2025-05-04,15248.09,Active,32.0,4.0,47141.58,4.0,4.0,40.875,2.0,47141.58
C0753,B2B,Technology,South,2022-02-03,311443.09,Active,227.0,6.0,56998.03,4.0,2.75,26.5,1.0,56998.03
C0754,B2B,Healthcare,South,2023-01-07,52552.98,Active,152.0,3.0,28787.08,3.0,3.0,31.0,0.0,28787.08
C0755,B2C,Retail,West,2025-05-16,208670.97,Active,166.0,4.0,16223.07,4.0,3.0,22.775,2.0,16223.07
C0756,B2B,Healthcare,North,2023-11-27,279300.4,Active,232.0,5.0,34643.26,4.0,3.0,25.15,3.0,34643.26
C0757,B2C,Manufacturing,South,2022-12-13,232831.91,Inactive,101.0,2.0,8131.28,3.0,4.333333333333333,44.13333333333333,0.0,8131.28
C0758,B2B,Retail,South,2024-03-23,209495.97,Active,105.0,6.0,24030.42,2.0,3.5,54.05,1.0,24030.42
C0759,B2B,Technology,East,2024-02-19,176583.29,Active,195.0,5.0,28402.56,2.0,3.5,46.5,1.0,28402.56
C0760,B2C,Technology,East,2025-07-03,350154.01,Inactive,598.0,3.0,13540.71,2.0,2.5,62.0,0.0,13540.71
C0761,B2C,Manufacturing,East,2024-02-28,481006.98,Inactive,43.0,4.0,16866.17,5.0,3.8,43.14,3.0,16866.17
C0762,B2C,Technology,North,2024-10-27,246165.38,Active,463.0,2.0,10714.3,2.0,2.5,34.45,1.0,10714.3
C0763,B2C,Manufacturing,South,2021-05-19,402079.08,Inactive,594.0,1.0,10211.6,5.0,3.6,40.22,3.0,10211.6
C0764,B2B,Retail,South,2022-12-25,150771.9,Inactive,26.0,6.0,49340.56,3.0,3.0,39.46666666666667,0.0,49340.56
C0765,B2C,Healthcare,South,2024-10-11,243512.17,Active,287.0,4.0,30463.510000000002,4.0,3.5,41.3,0.0,30463.510000000002
C0766,B2C,Manufacturing,South,2022-03-24,254509.68,Active,173.0,3.0,20304.45,5.0,2.6,38.739999999999995,1.0,20304.45
C0767,B2B,Retail,South,2022-04-26,122311.69,Active,360.0,3.0,16140.460000000001,7.0,2.142857142857143,33.48571428571429,3.0,16140.460000000001
C0768,B2C,Manufacturing,North,2025-09-09,68740.46,Active,213.0,1.0,3041.54,2.0,2.5,46.55,0.0,3041.54
C0769,B2C,Technology,North,2024-10-16,384479.66,Active,480.0,2.0,9181.310000000001,3.0,2.6666666666666665,27.200000000000003,3.0,9181.310000000001
C0770,B2C,Retail,East,2025-10-03,251246.79,Active,209.0,6.0,49080.13,4.0,3.5,25.425,2.0,49080.13
C0771,B2B,Technology,East,2023-10-03,204960.95,Active,100.0,5.0,22153.96,4.0,3.5,38.975,2.0,22153.96
C0772,B2C,Finance,North,2021-04-21,256212.85,Inactive,117.0,6.0,32033.46,2.0,4.0,26.1,1.0,32033.46
C0773,B2B,Finance,North,2025-10-29,352139.84,Inactive,2.0,4.0,9744.43,3.0,3.3333333333333335,54.43333333333334,0.0,9744.43
C0774,B2B,Healthcare,South,2022-10-09,195919.72,Active,180.0,3.0,7940.280000000001,1.0,2.0,5.1,0.0,7940.280000000001
C0775,B2C,Technology,East,2022-10-29,101704.7,Active,566.0,2.0,11735.130000000001,2.0,2.0,47.25,0.0,11735.130000000001
C0776,B2C,Finance,East,2022-05-01,189302.83,Inactive,382.0,6.0,38386.34,3.0,3.0,44.79999999999999,0.0,38386.34
C0777,B2B,Finance,East,2023-05-19,188888.21,Inactive,417.0,3.0,25664.879999999997,4.0,2.5,12.8,0.0,25664.879999999997
C0778,B2C,Manufacturing,South,2022-07-27,489843.5,Active,712.0,1.0,9767.94,1.0,1.0,12.6,1.0,9767.94
C0779,B2B,Retail,South,2025-07-26,282116.62,Inactive,299.0,6.0,51947.77,4.0,3.25,47.925,2.0,51947.77
C0780,B2B,Manufacturing,West,2022-02-06,404777.5,Active,14.0,4.0,17920.8,2.0,3.5,22.2,1.0,17920.8
C0781,B2C,Manufacturing,East,2023-05-14,394813.14,Active,189.0,7.0,53740.68,2.0,2.5,37.5,0.0,53740.68
C0782,B2B,Finance,North,2022-05-29,348366.16,Active,427.0,6.0,25941.239999999998,2.0,2.5,16.65,2.0,25941.239999999998
C0783,B2C,Finance,North,2022-03-18,230428.86,Active,290.0,2.0,17815.61,2.0,3.0,56.349999999999994,0.0,17815.61
C0784,B2C,Retail,East,2022-06-17,178628.74,Inactive,177.0,3.0,22367.1,4.0,2.5,39.8,2.0,22367.1
C0785,B2C,Technology,South,2021-09-06,292658.34,Active,114.0,4.0,43237.659999999996,1.0,2.0,20.2,1.0,43237.659999999996
C0786,B2C,Retail,East,2025-05-18,339864.49,Inactive,125.0,4.0,20654.8,3.0,3.0,33.833333333333336,1.0,20654.8
C0787,B2C,Healthcare,West,2025-05-06,310695.25,Inactive,559.0,2.0,16686.15,2.0,3.0,38.1,2.0,16686.15
C0788,B2B,Manufacturing,East,2024-07-17,216690.08,Inactive,166.0,2.0,29998.480000000003,3.0,3.0,38.86666666666667,1.0,29998.480000000003
C0789,B2B,Healthcare,South,2025-10-05,178376.49,Active,253.0,4.0,29094.99,0.0,0.0,0.0,0.0,29094.99
C0790,B2C,Retail,West,2022-10-11,142911.57,Inactive,136.0,3.0,26190.989999999998,2.0,4.5,55.4,0.0,26190.989999999998
C0791,B2C,Technology,West,2025-05-19,212854.64,Active,19.0,8.0,43685.04,2.0,4.5,39.3,1.0,43685.04
C0792,B2B,Manufacturing,South,2025-10-16,334391.05,Active,134.0,5.0,32707.12,5.0,3.2,22.4,1.0,32707.12
C0793,B2B,Finance,North,2022-03-08,56821.32,Inactive,235.0,4.0,36877.7,2.0,4.0,14.899999999999999,1.0,36877.7
C0794,B2B,Healthcare,West,2024-01-29,266751.57,Active,483.0,2.0,4663.96,5.0,3.8,34.94,2.0,4663.96
C0795,B2C,Technology,South,2021-08-01,51312.52,Inactive,658.0,2.0,17168.39,7.0,2.857142857142857,24.114285714285717,2.0,17168.39
C0796,B2B,Manufacturing,East,2022-09-26,227148.61,Active,52.0,1.0,1498.62,2.0,4.5,47.25,1.0,1498.62
C0797,B2B,Healthcare,North,2021-09-26,335139.08,Active,70.0,3.0,12671.579999999998,3.0,3.6666666666666665,30.333333333333332,0.0,12671.579999999998
C0798,B2C,Finance,East,2025-11-05,278787.18,Active,191.0,3.0,24472.75,2.0,1.5,23.9,1.0,24472.75
C0799,B2B,Technology,West,2024-11-29,319213.29,Inactive,23.0,6.0,37327.73,4.0,2.25,32.05,1.0,37327.73
C0800,B2C,Retail,West,2023-12-09,274437.38,Active,559.0,2.0,20930.440000000002,5.0,2.4,35.019999999999996,0.0,20930.440000000002
C0801,B2C,Retail,West,2023-06-24,137305.45,Active,116.0,4.0,28619.22,3.0,2.6666666666666665,39.666666666666664,0.0,28619.22
C0802,B2B,Technology,South,2021-01-22,178503.61,Inactive,90.0,6.0,32698.55,6.0,2.8333333333333335,19.933333333333334,1.0,32698.55
C0803,B2B,Finance,West,2024-01-01,156809.15,Inactive,627.0,2.0,12063.01,1.0,1.0,71.6,0.0,12063.01
C0804,B2C,Technology,South,2025-06-23,400416.02,Active,385.0,2.0,16060.7,3.0,3.0,20.7,0.0,16060.7
C0805,B2C,Technology,West,2022-01-22,203428.52,Active,163.0,3.0,22906.65,6.0,2.6666666666666665,27.2,0.0,22906.65
C0806,B2C,Finance,South,2025-01-04,138860.33,Inactive,30.0,4.0,11457.28,3.0,3.0,17.533333333333335,1.0,11457.28
C0807,B2B,Technology,East,2024-07-04,149491.66,Active,56.0,6.0,34291.54,4.0,4.0,36.1,2.0,34291.54
C0808,B2B,Healthcare,South,2023-04-26,76945.78,Active,111.0,4.0,18772.440000000002,3.0,3.0,13.466666666666667,0.0,18772.440000000002
C0809,B2C,Technology,West,2024-07-28,143345.72,Inactive,83.0,11.0,67068.33,4.0,2.75,31.825,2.0,67068.33
C0810,B2C,Healthcare,South,2022-01-20,34319.72,Active,52.0,5.0,34448.54,5.0,2.2,50.68,2.0,34448.54
C0811,B2B,Retail,East,2022-01-16,71269.21,Inactive,206.0,7.0,47933.72,1.0,1.0,42.3,1.0,47933.72
C0812,B2B,Manufacturing,North,2025-01-29,83835.01,Inactive,26.0,3.0,22062.940000000002,5.0,3.2,39.28,0.0,22062.940000000002
C0813,B2C,Finance,East,2022-03-21,395005.42,Inactive,660.0,1.0,10726.65,3.0,2.3333333333333335,17.933333333333334,0.0,10726.65
C0814,B2C,Healthcare,East,2023-01-31,49309.32,Active,425.0,3.0,23764.1,0.0,0.0,0.0,0.0,23764.1
C0815,B2C,Finance,North,2021-04-25,276164.06,Active,341.0,2.0,9637.39,7.0,2.5714285714285716,34.18571428571429,1.0,9637.39
C0816,B2C,Finance,North,2022-01-29,69761.16,Active,127.0,3.0,29867.5,3.0,4.0,22.03333333333333,0.0,29867.5
C0817,B2C,Manufacturing,North,2023-02-28,107598.14,Active,443.0,3.0,28471.31,1.0,5.0,35.1,1.0,28471.31
C0818,B2B,Finance,West,2023-12-04,343906.74,Active,73.0,3.0,27916.13,1.0,4.0,67.2,0.0,27916.13
C0819,B2B,Healthcare,North,2022-10-24,134123.24,Active,61.0,10.0,61791.94,2.0,1.0,50.65,1.0,61791.94
C0820,B2C,Healthcare,South,2022-02-11,486904.29,Active,418.0,3.0,24092.93,1.0,3.0,21.3,0.0,24092.93
C0821,B2C,Retail,North,2024-07-20,92006.57,Active,77.0,3.0,30423.4,0.0,0.0,0.0,0.0,30423.4
C0822,B2B,Finance,South,2024-04-12,14375.63,Active,171.0,4.0,16463.260000000002,3.0,2.6666666666666665,47.93333333333334,1.0,16463.260000000002
C0823,B2C,Technology,South,2024-04-05,191985.35,Active,215.0,2.0,7576.9,2.0,2.5,29.5,1.0,7576.9
C0824,B2B,Finance,North,2022-05-25,346112.88,Active,271.0,1.0,2324.83,2.0,1.5,64.4,0.0,2324.83
C0825,B2B,Healthcare,East,2025-04-05,325841.7,Active,69.0,5.0,45423.740000000005,4.0,3.25,50.025,0.0,45423.740000000005
C0826,B2C,Manufacturing,East,2021-09-15,491021.1,Active,780.0,1.0,10386.92,3.0,4.0,35.833333333333336,1.0,10386.92
C0827,B2C,Manufacturing,North,2025-07-08,347732.49,Active,111.0,6.0,43355.88,4.0,3.25,44.3,1.0,43355.88
C0828,B2B,Retail,North,2025-01-23,247798.05,Inactive,277.0,4.0,21551.67,2.0,2.0,47.75,0.0,21551.67
C0829,B2C,Technology,West,2024-02-19,102990.16,Active,332.0,5.0,35180.96,0.0,0.0,0.0,0.0,35180.96
C0830,B2C,Retail,West,2024-01-19,144908.99,Active,567.0,3.0,24125.579999999998,6.0,2.8333333333333335,46.88333333333333,3.0,24125.579999999998
C0831,B2B,Finance,East,2021-05-22,411515.09,Active,281.0,2.0,18589.78,4.0,2.0,39.95,0.0,18589.78
C0832,B2B,Technology,West,2023-07-19,369492.29,Active,79.0,3.0,15005.26,2.0,2.5,47.0,0.0,15005.26
C0833,B2C,Technology,South,2024-06-23,167140.11,Active,749.0,1.0,1540.16,4.0,2.25,35.65,1.0,1540.16
C0834,B2C,Manufacturing,West,2024-09-10,385209.71,Active,168.0,5.0,30909.9,2.0,3.0,32.75,2.0,30909.9
C0835,B2C,Retail,West,2024-06-09,324042.93,Active,45.0,3.0,19707.86,2.0,1.5,56.75,0.0,19707.86
C0836,B2B,Healthcare,South,2021-07-17,97533.01,Active,14.0,7.0,50885.619999999995,4.0,2.75,40.55,2.0,50885.619999999995
C0837,B2B,Finance,South,2022-02-18,58389.26,Inactive,710.0,2.0,20149.99,5.0,2.4,49.739999999999995,2.0,20149.99
C0838,B2C,Technology,East,2024-09-09,34051.96,Active,148.0,5.0,44225.85,1.0,4.0,56.9,0.0,44225.85
C0839,B2B,Healthcare,South,2024-05-25,331317.19,Active,63.0,2.0,15014.630000000001,6.0,3.5,43.85,0.0,15014.630000000001
C0840,B2B,Retail,West,2023-08-17,412792.99,Active,776.0,1.0,4484.46,2.0,2.5,34.55,0.0,4484.46
C0841,B2C,Technology,North,2025-08-14,369807.17,Active,345.0,2.0,11139.69,2.0,4.5,29.45,0.0,11139.69
C0842,B2B,Technology,North,2021-06-09,59600.31,Active,478.0,1.0,1812.15,3.0,3.0,16.4,1.0,1812.15
C0843,B2C,Manufacturing,South,2023-12-25,267834.09,Active,2.0,5.0,28596.93,3.0,2.0,47.03333333333333,1.0,28596.93
C0844,B2B,Technology,West,2024-03-13,375593.1,Active,2.0,8.0,52875.28,3.0,2.0,28.933333333333334,2.0,52875.28
C0845,B2C,Finance,North,2024-10-13,91736.57,Active,335.0,4.0,44405.71000000001,4.0,3.75,43.925,0.0,44405.71000000001
C0846,B2C,Technology,East,2024-02-01,332190.62,Inactive,25.0,5.0,29257.62,3.0,2.6666666666666665,54.833333333333336,0.0,29257.62
C0847,B2C,Technology,East,2022-12-23,423978.47,Inactive,347.0,4.0,39280.89,2.0,4.0,69.0,1.0,39280.89
C0848,B2C,Retail,South,2025-04-15,285940.9,Active,574.0,4.0,20933.93,0.0,0.0,0.0,0.0,20933.93
C0849,B2C,Retail,West,2023-02-08,229274.9,Inactive,538.0,2.0,4697.64,6.0,3.6666666666666665,20.55,2.0,4697.64
C0850,B2B,Retail,North,2021-01-01,263628.59,Active,53.0,4.0,24559.22,4.0,3.5,29.199999999999996,1.0,24559.22
C0851,B2C,Manufacturing,South,2021-01-14,429303.01,Active,676.0,2.0,20119.08,0.0,0.0,0.0,0.0,20119.08
C0852,B2C,Technology,South,2025-04-30,56200.69,Inactive,342.0,6.0,45284.100000000006,0.0,0.0,0.0,0.0,45284.100000000006
C0853,B2B,Manufacturing,East,2022-12-30,189870.62,Active,145.0,3.0,21660.7,5.0,2.2,26.880000000000003,1.0,21660.7
C0854,B2C,Retail,North,2022-04-23,289538.71,Active,491.0,3.0,19837.190000000002,1.0,2.0,45.4,0.0,19837.190000000002
C0855,B2B,Retail,West,2025-02-12,94722.22,Active,33.0,6.0,68703.92,4.0,3.75,29.924999999999997,2.0,68703.92
C0856,B2C,Healthcare,West,2024-05-04,48453.92,Active,66.0,4.0,40955.45,3.0,2.6666666666666665,63.36666666666667,0.0,40955.45
C0857,B2C,Retail,West,2025-04-28,214095.64,Active,38.0,3.0,20309.8,3.0,2.6666666666666665,41.9,1.0,20309.8
C0858,B2B,Technology,North,2025-11-17,320604.68,Inactive,640.0,2.0,3654.54,5.0,3.2,55.9,1.0,3654.54
C0859,B2C,Technology,North,2021-04-21,166465.1,Active,127.0,3.0,23234.79,4.0,2.5,28.775,1.0,23234.79
C0860,B2B,Manufacturing,North,2022-11-01,340081.27,Inactive,123.0,3.0,12358.380000000001,1.0,3.0,65.4,0.0,12358.380000000001
C0861,B2B,Manufacturing,West,2023-07-02,151993.68,Inactive,211.0,4.0,13651.31,3.0,4.666666666666667,36.833333333333336,1.0,13651.31
C0862,B2B,Retail,North,2021-10-31,243168.78,Active,53.0,6.0,33352.05,3.0,3.3333333333333335,47.5,2.0,33352.05
C0863,B2C,Retail,North,2024-01-28,205278.25,Inactive,192.0,4.0,20744.22,4.0,3.75,29.25,0.0,20744.22
C0864,B2B,Manufacturing,West,2025-05-04,284055.13,Inactive,65.0,2.0,8295.99,3.0,3.0,65.93333333333334,1.0,8295.99
C0865,B2B,Technology,South,2023-03-21,128734.39,Active,135.0,5.0,50821.33,2.0,2.5,14.35,0.0,50821.33
C0866,B2C,Retail,North,2025-05-10,65139.64,Inactive,375.0,2.0,4685.37,4.0,3.5,30.799999999999997,2.0,4685.37
C0867,B2C,Retail,South,2023-05-18,167161.8,Active,597.0,1.0,6881.21,0.0,0.0,0.0,0.0,6881.21
C0868,B2C,Manufacturing,East,2025-04-26,311948.29,Inactive,872.0,1.0,2634.76,3.0,2.0,16.566666666666666,0.0,2634.76
C0869,B2B,Finance,North,2024-06-30,462864.47,Active,25.0,5.0,22701.05,2.0,4.0,21.9,1.0,22701.05
C0870,B2C,Manufacturing,North,2022-02-13,65062.15,Active,177.0,3.0,11803.35,3.0,3.3333333333333335,54.56666666666666,1.0,11803.35
C0871,B2B,Retail,North,2022-05-13,178202.97,Active,122.0,4.0,24350.25,4.0,3.0,44.65,1.0,24350.25
C0872,B2C,Finance,North,2022-09-17,172619.59,Active,54.0,4.0,17469.03,3.0,4.333333333333333,30.099999999999998,0.0,17469.03
C0873,B2C,Technology,West,2022-02-22,315290.58,Active,104.0,2.0,7320.04,7.0,3.7142857142857144,30.842857142857145,3.0,7320.04
C0874,B2B,Finance,North,2024-11-24,135173.61,Active,139.0,5.0,36810.479999999996,1.0,2.0,53.5,0.0,36810.479999999996
C0875,B2B,Technology,East,2022-08-05,36011.77,Active,85.0,4.0,34183.25,5.0,2.4,40.67999999999999,2.0,34183.25
C0876,B2C,Retail,East,2021-05-17,433498.31,Active,225.0,4.0,26696.05,7.0,1.7142857142857142,30.24285714285714,1.0,26696.05
C0877,B2C,Manufacturing,West,2022-08-23,259184.76,Active,182.0,7.0,35180.979999999996,7.0,3.4285714285714284,36.54285714285714,0.0,35180.979999999996
C0878,B2C,Technology,North,2022-10-09,101344.52,Inactive,154.0,3.0,28442.6,1.0,1.0,54.7,0.0,28442.6
C0879,B2B,Healthcare,South,2024-02-23,461912.36,Active,230.0,5.0,36401.630000000005,2.0,3.0,37.5,0.0,36401.630000000005
C0880,B2C,Finance,South,2022-11-15,19002.39,Active,9.0,5.0,19549.589999999997,3.0,2.6666666666666665,44.5,0.0,19549.589999999997
C0881,B2C,Manufacturing,East,2022-12-29,407827.5,Active,56.0,7.0,62417.72,0.0,0.0,0.0,0.0,62417.72
C0882,B2C,Healthcare,East,2025-12-05,120535.52,Active,49.0,5.0,69725.28,1.0,4.0,16.5,1.0,69725.28
C0883,B2B,Healthcare,West,2023-03-16,265151.74,Active,704.0,1.0,2858.4,4.0,2.25,52.05,1.0,2858.4
C0884,B2B,Technology,South,2023-05-05,218967.85,Active,323.0,3.0,26928.309999999998,2.0,1.5,27.900000000000002,0.0,26928.309999999998
C0885,B2C,Finance,South,2024-05-24,111311.06,Active,30.0,4.0,18786.32,5.0,3.2,40.36,2.0,18786.32
C0886,B2B,Manufacturing,East,2024-04-04,347380.72,Active,95.0,2.0,10602.21,2.0,2.0,37.9,0.0,10602.21
C0887,B2B,Technology,South,2023-05-31,165573.14,Active,648.0,4.0,22952.61,3.0,3.6666666666666665,27.166666666666668,0.0,22952.61
C0888,B2C,Manufacturing,North,2022-01-13,385063.16,Inactive,50.0,5.0,32492.420000000002,5.0,3.8,39.4,2.0,32492.420000000002
C0889,B2C,Finance,East,2023-04-23,84458.96,Active,507.0,3.0,16511.69,7.0,3.4285714285714284,22.014285714285712,1.0,16511.69
C0890,B2B,Manufacturing,North,2021-08-07,383599.27,Active,249.0,5.0,27587.019999999997,2.0,5.0,33.15,0.0,27587.019999999997
C0891,B2B,Technology,South,2024-05-25,123147.07,Active,167.0,5.0,41359.4,4.0,3.25,24.95,1.0,41359.4
C0892,B2B,Finance,South,2023-01-06,256139.05,Inactive,736.0,1.0,4628.5,7.0,2.857142857142857,42.285714285714285,4.0,4628.5
C0893,B2C,Manufacturing,West,2024-12-29,250808.34,Active,22.0,8.0,60003.79,1.0,3.0,15.5,0.0,60003.79
C0894,B2B,Manufacturing,North,2021-12-02,210208.69,Active,43.0,3.0,45237.81,1.0,5.0,6.4,0.0,45237.81
C0895,B2C,Manufacturing,South,2022-07-07,381310.53,Active,110.0,7.0,37901.67,3.0,4.666666666666667,61.86666666666667,1.0,37901.67
C0896,B2C,Technology,West,2021-12-29,347052.73,Inactive,828.0,1.0,7145.55,3.0,1.6666666666666667,39.300000000000004,1.0,7145.55
C0897,B2C,Finance,North,2022-05-21,307885.68,Inactive,787.0,2.0,18567.54,1.0,1.0,29.2,0.0,18567.54
C0898,B2C,Finance,North,2025-01-14,265118.05,Inactive,740.0,2.0,15433.29,2.0,2.5,51.05,1.0,15433.29
C0899,B2B,Manufacturing,West,2023-07-25,492077.02,Active,166.0,5.0,35544.54,2.0,3.0,50.05,2.0,35544.54
C0900,B2C,Technology,North,2024-02-17,103026.67,Inactive,345.0,5.0,31203.79,0.0,0.0,0.0,0.0,31203.79
C0901,B2C,Retail,West,2023-03-27,91578.43,Active,231.0,5.0,39774.97,2.0,2.0,62.1,0.0,39774.97
C0902,B2B,Technology,South,2024-06-09,237153.69,Inactive,44.0,4.0,30829.22,3.0,3.0,27.533333333333335,3.0,30829.22
C0903,B2B,Manufacturing,South,2021-07-05,202602.69,Active,247.0,1.0,3988.79,2.0,3.5,17.5,0.0,3988.79
C0904,B2B,Manufacturing,West,2023-07-13,299254.58,Active,243.0,5.0,56974.369999999995,3.0,3.6666666666666665,36.56666666666667,1.0,56974.369999999995
C0905,B2B,Retail,East,2023-07-21,348941.54,Active,225.0,4.0,31685.739999999998,3.0,5.0,43.5,1.0,31685.739999999998
C0906,B2B,Healthcare,North,2025-01-11,356051.09,Active,200.0,2.0,12343.65,6.0,3.0,23.950000000000003,0.0,12343.65
C0907,B2C,Technology,South,2021-06-24,195552.53,Inactive,189.0,2.0,17675.79,4.0,4.5,41.275,2.0,17675.79
C0908,B2B,Retail,South,2021-03-31,89440.81,Active,122.0,8.0,55270.31,4.0,4.5,38.725,3.0,55270.31
C0909,B2B,Finance,East,2022-01-02,161663.97,Inactive,1.0,4.0,15029.09,2.0,2.5,37.75,2.0,15029.09
C0910,B2B,Healthcare,South,2022-08-15,480612.6,Active,313.0,7.0,51716.43,2.0,1.0,48.95,0.0,51716.43
C0911,B2C,Healthcare,West,2024-06-29,253837.53,Inactive,854.0,1.0,5962.7,0.0,0.0,0.0,0.0,5962.7
C0912,B2B,Technology,West,2024-01-19,126560.39,Inactive,189.0,4.0,18999.48,3.0,4.0,52.36666666666667,0.0,18999.48
C0913,B2C,Finance,North,2023-07-19,304596.12,Active,164.0,4.0,23578.27,3.0,2.6666666666666665,36.43333333333333,2.0,23578.27
C0914,B2C,Technology,South,2022-05-17,33970.21,Active,35.0,5.0,29738.059999999998,4.0,2.75,31.75,0.0,29738.059999999998
C0915,B2C,Healthcare,South,2021-04-23,428376.35,Active,133.0,4.0,28538.120000000003,3.0,2.6666666666666665,14.200000000000001,1.0,28538.120000000003
C0916,B2B,Healthcare,North,2022-11-10,214308.89,Active,123.0,4.0,30576.07,2.0,4.5,54.55,0.0,30576.07
C0917,B2C,Technology,South,2021-11-27,483483.7,Active,129.0,3.0,26725.059999999998,3.0,2.3333333333333335,18.566666666666666,0.0,26725.059999999998
C0918,B2B,Retail,East,2021-03-15,190599.02,Inactive,352.0,3.0,23250.4,2.0,3.5,34.25,0.0,23250.4
C0919,B2B,Finance,North,2025-08-07,153488.03,Active,918.0,2.0,16245.74,3.0,2.6666666666666665,54.03333333333333,1.0,16245.74
C0920,B2C,Retail,West,2021-09-07,267076.64,Active,191.0,2.0,25175.89,4.0,2.0,41.45,2.0,25175.89
C0921,B2B,Healthcare,North,2024-06-07,246994.86,Active,686.0,3.0,30150.26,3.0,2.0,33.03333333333333,1.0,30150.26
C0922,B2C,Retail,East,2023-05-25,464281.63,Inactive,507.0,3.0,9974.8,3.0,3.3333333333333335,40.03333333333333,0.0,9974.8
C0923,B2C,Finance,South,2023-12-01,442995.2,Active,216.0,3.0,22897.19,0.0,0.0,0.0,0.0,22897.19
C0924,B2C,Manufacturing,North,2024-12-22,67921.5,Inactive,96.0,3.0,10652.07,2.0,4.5,57.4,0.0,10652.07
C0925,B2B,Manufacturing,West,2024-07-04,212880.16,Active,197.0,2.0,14359.39,5.0,3.8,45.96,0.0,14359.39
C0926,B2B,Healthcare,South,2022-12-18,348108.36,Active,603.0,3.0,19570.36,6.0,2.5,40.016666666666666,1.0,19570.36
C0927,B2B,Retail,East,2025-06-07,258277.92,Active,247.0,3.0,17322.28,2.0,2.5,57.849999999999994,1.0,17322.28
C0928,B2B,Healthcare,East,2025-04-20,177267.18,Active,857.0,1.0,11629.01,0.0,0.0,0.0,0.0,11629.01
C0929,B2B,Manufacturing,East,2025-09-01,418574.4,Inactive,652.0,3.0,14582.3,7.0,2.7142857142857144,43.15714285714286,2.0,14582.3
C0930,B2B,Manufacturing,West,2023-08-30,86139.28,Inactive,38.0,4.0,22349.3,1.0,1.0,26.6,1.0,22349.3
C0931,B2C,Finance,West,2025-11-07,464617.09,Active,190.0,3.0,29181.03,2.0,4.5,34.75,0.0,29181.03
C0932,B2C,Technology,East,2025-09-07,282036.83,Active,33.0,6.0,40322.25,4.0,2.75,44.525,1.0,40322.25
C0933,B2C,Retail,North,2022-03-03,485110.51,Active,499.0,2.0,6727.32,2.0,2.5,43.0,0.0,6727.32
C0934,B2B,Retail,West,2025-09-18,316990.32,Active,545.0,5.0,33962.74,6.0,2.1666666666666665,33.699999999999996,0.0,33962.74
C0935,B2C,Manufacturing,North,2024-03-15,433650.91,Active,119.0,6.0,52769.26,1.0,5.0,67.7,0.0,52769.26
C0936,B2C,Healthcare,East,2024-12-15,212796.09,Inactive,6.0,5.0,31953.45,1.0,1.0,1.3,0.0,31953.45
C0937,B2B,Retail,West,2025-12-02,416434.16,Active,203.0,7.0,52712.09,0.0,0.0,0.0,0.0,52712.09
C0938,B2C,Manufacturing,North,2022-03-19,193365.69,Active,27.0,5.0,31106.81,1.0,4.0,54.7,0.0,31106.81
C0939,B2B,Healthcare,West,2025-05-12,257937.4,Inactive,82.0,3.0,28141.73,3.0,1.6666666666666667,34.73333333333333,1.0,28141.73
C0940,B2B,Manufacturing,East,2023-10-22,462582.02,Active,47.0,4.0,42930.17,5.0,2.8,28.3,1.0,42930.17
C0941,B2C,Manufacturing,North,2025-05-08,412847.87,Active,88.0,6.0,28405.29,1.0,4.0,46.4,1.0,28405.29
C0942,B2B,Finance,West,2022-02-25,359701.92,Active,133.0,3.0,20704.27,3.0,3.0,27.0,2.0,20704.27
C0943,B2C,Healthcare,North,2021-01-09,173311.98,Active,41.0,3.0,24808.75,0.0,0.0,0.0,0.0,24808.75
C0944,B2C,Healthcare,East,2021-07-31,323036.92,Active,37.0,5.0,23392.190000000002,3.0,2.3333333333333335,51.93333333333334,0.0,23392.190000000002
C0945,B2B,Manufacturing,East,2022-10-20,145558.27,Active,60.0,6.0,45273.649999999994,4.0,2.25,23.275,0.0,45273.649999999994
C0946,B2C,Healthcare,East,2025-05-02,83167.15,Active,234.0,3.0,23090.4,2.0,3.5,14.4,0.0,23090.4
C0947,B2B,Technology,North,2021-08-23,111222.92,Active,0.0,0.0,0.0,0.0,0.0,0.0,0.0,0.0
C0948,B2C,Retail,South,2024-01-31,472206.13,Active,33.0,3.0,11345.82,3.0,2.3333333333333335,33.0,1.0,11345.82
C0949,B2B,Manufacturing,North,2024-03-21,162575.0,Active,109.0,6.0,40370.97,1.0,3.0,32.3,0.0,40370.97
C0950,B2C,Healthcare,South,2024-01-13,24206.42,Active,76.0,5.0,44525.83,2.0,3.0,13.2,0.0,44525.83
C0951,B2C,Healthcare,North,2021-08-05,218968.22,Active,110.0,5.0,30861.93,5.0,2.6,37.54,1.0,30861.93
C0952,B2C,Technology,East,2024-12-14,163095.92,Active,409.0,2.0,11254.73,4.0,4.0,26.075,0.0,11254.73
C0953,B2B,Finance,South,2024-12-31,55528.93,Inactive,29.0,3.0,15677.07,4.0,2.25,28.975,0.0,15677.07
C0954,B2C,Retail,West,2021-07-19,240567.48,Active,280.0,4.0,35966.18,1.0,2.0,53.7,0.0,35966.18
C0955,B2C,Retail,West,2021-10-22,99843.01,Active,420.0,4.0,30132.33,2.0,4.5,21.9,1.0,30132.33
C0956,B2C,Finance,West,2025-06-04,24829.42,Inactive,14.0,4.0,28509.589999999997,6.0,3.6666666666666665,24.96666666666667,2.0,28509.589999999997
C0957,B2C,Finance,West,2021-08-20,424425.47,Active,9.0,4.0,32142.09,5.0,3.4,35.14,1.0,32142.09
C0958,B2C,Technology,South,2025-04-22,258895.34,Inactive,102.0,8.0,55710.49,2.0,4.0,18.1,2.0,55710.49
C0959,B2B,Retail,North,2025-08-02,398291.16,Inactive,0.0,0.0,0.0,4.0,4.25,38.375,1.0,0.0
C0960,B2C,Manufacturing,South,2023-04-01,278495.02,Inactive,299.0,2.0,23443.35,0.0,0.0,0.0,0.0,23443.35
C0961,B2B,Retail,South,2023-02-26,408818.7,Inactive,507.0,2.0,7492.110000000001,2.0,2.5,17.3,0.0,7492.110000000001
C0962,B2C,Technology,East,2025-05-26,276818.17,Active,75.0,7.0,43292.46,0.0,0.0,0.0,0.0,43292.46
C0963,B2B,Technology,West,2021-12-21,66018.2,Inactive,198.0,4.0,20079.79,2.0,4.5,44.599999999999994,1.0,20079.79
C0964,B2B,Finance,South,2022-10-29,160937.5,Inactive,56.0,6.0,39850.369999999995,5.0,2.2,39.28,0.0,39850.369999999995
C0965,B2B,Technology,West,2021-05-23,170430.04,Active,0.0,0.0,0.0,2.0,3.0,52.2,1.0,0.0
C0966,B2B,Manufacturing,North,2021-07-05,380968.08,Active,316.0,1.0,17104.08,2.0,3.5,16.55,2.0,17104.08
C0967,B2C,Finance,West,2023-07-17,105876.64,Active,577.0,5.0,41171.159999999996,3.0,4.666666666666667,43.199999999999996,1.0,41171.159999999996
C0968,B2C,Finance,East,2022-09-06,495241.74,Active,39.0,3.0,22824.11,2.0,2.5,39.9,0.0,22824.11
C0969,B2C,Manufacturing,East,2024-06-06,40581.17,Active,206.0,4.0,28787.43,2.0,1.5,19.75,1.0,28787.43
C0970,B2C,Healthcare,East,2021-01-02,434183.02,Active,57.0,3.0,15773.04,3.0,3.0,14.166666666666666,0.0,15773.04
C0971,B2C,Retail,West,2023-06-04,208956.0,Inactive,468.0,4.0,36711.58,3.0,3.0,14.666666666666666,0.0,36711.58
C0972,B2B,Manufacturing,West,2024-01-22,78143.74,Inactive,94.0,3.0,32589.97,4.0,1.5,37.9,3.0,32589.97
C0973,B2C,Finance,South,2025-09-24,151350.73,Active,208.0,6.0,67372.53,2.0,3.0,31.950000000000003,0.0,67372.53
C0974,B2B,Healthcare,North,2021-10-03,80557.98,Inactive,17.0,5.0,31837.09,4.0,2.5,37.875,1.0,31837.09
C0975,B2C,Manufacturing,North,2024-09-09,77237.93,Inactive,314.0,3.0,11110.69,4.0,2.5,43.0,0.0,11110.69
C0976,B2C,Technology,West,2025-10-28,315391.76,Inactive,19.0,5.0,33437.36,6.0,3.1666666666666665,46.03333333333333,1.0,33437.36
C0977,B2C,Technology,West,2023-11-10,198510.21,Active,50.0,8.0,83557.69,3.0,2.0,22.8,2.0,83557.69
C0978,B2C,Technology,North,2022-01-16,293189.87,Active,79.0,3.0,23104.46,4.0,2.75,44.425,0.0,23104.46
C0979,B2C,Finance,East,2024-12-29,26396.32,Active,69.0,3.0,14841.96,2.0,2.5,27.650000000000002,0.0,14841.96
C0980,B2C,Retail,North,2024-03-09,294331.7,Active,97.0,7.0,53684.07,0.0,0.0,0.0,0.0,53684.07
C0981,B2C,Finance,North,2021-10-18,266444.83,Active,205.0,7.0,51748.130000000005,1.0,5.0,59.7,0.0,51748.130000000005
C0982,B2C,Healthcare,East,2022-05-18,310389.17,Active,90.0,3.0,36218.95,1.0,3.0,37.4,0.0,36218.95
C0983,B2B,Finance,West,2024-01-01,261204.92,Inactive,104.0,6.0,30222.37,2.0,4.0,37.15,2.0,30222.37
C0984,B2C,Finance,East,2024-03-21,480684.84,Active,67.0,3.0,22921.18,1.0,4.0,10.5,0.0,22921.18
C0985,B2B,Healthcare,East,2022-08-16,366216.14,Active,242.0,2.0,9467.2,2.0,2.5,45.25,0.0,9467.2
C0986,B2C,Technology,South,2021-05-06,290701.4,Active,67.0,5.0,46350.68,3.0,3.0,42.06666666666667,0.0,46350.68
C0987,B2B,Retail,West,2025-07-15,50429.98,Active,25.0,3.0,14805.98,3.0,2.3333333333333335,42.699999999999996,1.0,14805.98
C0988,B2C,Retail,South,2025-10-10,311740.9,Active,105.0,4.0,25709.24,4.0,3.5,33.199999999999996,0.0,25709.24
C0989,B2C,Healthcare,North,2025-10-23,305872.55,Active,187.0,2.0,4581.0,1.0,1.0,34.8,0.0,4581.0
C0990,B2C,Retail,South,2024-09-11,138013.77,Active,123.0,5.0,14359.01,5.0,2.4,23.96,1.0,14359.01
C0991,B2B,Technology,North,2023-09-21,177995.52,Active,111.0,1.0,7424.0,1.0,4.0,37.0,0.0,7424.0
C0992,B2B,Finance,West,2021-10-25,387480.22,Active,208.0,4.0,17013.9,6.0,2.0,46.21666666666667,2.0,17013.9
C0993,B2C,Manufacturing,South,2024-09-15,293101.12,Active,109.0,7.0,38903.22,2.0,3.5,49.0,0.0,38903.22
C0994,B2C,Healthcare,North,2021-04-22,92124.19,Inactive,35.0,11.0,91968.76,1.0,4.0,1.3,0.0,91968.76
C0995,B2C,Finance,South,2023-09-03,196102.39,Inactive,139.0,2.0,16783.25,4.0,3.5,44.95,0.0,16783.25
C0996,B2C,Manufacturing,West,2023-08-30,15812.89,Inactive,351.0,3.0,18711.82,3.0,3.0,51.300000000000004,1.0,18711.82
C0997,B2C,Technology,North,2023-02-22,57708.52,Active,365.0,1.0,1380.21,5.0,3.4,34.260000000000005,1.0,1380.21
C0998,B2C,Technology,East,2025-09-26,174134.03,Active,608.0,4.0,22951.57,2.0,3.5,14.6,0.0,22951.57
C0999,B2B,Retail,West,2025-07-02,235943.21,Active,451.0,2.0,12612.29,5.0,2.6,31.9,1.0,12612.29
C1000,B2B,Technology,East,2025-02-12,342081.9,Active,771.0,1.0,4881.31,4.0,3.75,37.3,0.0,4881.31
